-- phpMyAdmin SQL Dump
-- version 4.8.5
-- https://www.phpmyadmin.net/
--
-- 主機： localhost
-- 產生時間： 2024 年 12 月 28 日 20:35
-- 伺服器版本： 10.1.38-MariaDB
-- PHP 版本： 5.6.40

SET SQL_MODE = "NO_AUTO_VALUE_ON_ZERO";
SET AUTOCOMMIT = 0;
START TRANSACTION;
SET time_zone = "+00:00";


/*!40101 SET @OLD_CHARACTER_SET_CLIENT=@@CHARACTER_SET_CLIENT */;
/*!40101 SET @OLD_CHARACTER_SET_RESULTS=@@CHARACTER_SET_RESULTS */;
/*!40101 SET @OLD_COLLATION_CONNECTION=@@COLLATION_CONNECTION */;
/*!40101 SET NAMES utf8mb4 */;

--
-- 資料庫： `shin01`
--
CREATE DATABASE IF NOT EXISTS `shin01` DEFAULT CHARACTER SET utf8mb4 COLLATE utf8mb4_general_ci;
USE `shin01`;

-- --------------------------------------------------------

--
-- 資料表結構 `ab_likes`
--

CREATE TABLE `ab_likes` (
  `like_id` int(11) NOT NULL,
  `member_id` int(11) NOT NULL,
  `ab_id` int(11) NOT NULL,
  `created_at` datetime NOT NULL DEFAULT CURRENT_TIMESTAMP
) ENGINE=InnoDB DEFAULT CHARSET=utf8mb4;

-- --------------------------------------------------------

--
-- 資料表結構 `address_book`
--

CREATE TABLE `address_book` (
  `ab_id` int(11) NOT NULL,
  `name` varchar(255) NOT NULL,
  `email` varchar(255) NOT NULL,
  `mobile` varchar(255) NOT NULL,
  `birthday` date DEFAULT NULL,
  `address` varchar(255) NOT NULL,
  `created_at` datetime NOT NULL
) ENGINE=InnoDB DEFAULT CHARSET=utf8mb4;

--
-- 傾印資料表的資料 `address_book`
--

INSERT INTO `address_book` (`ab_id`, `name`, `email`, `mobile`, `birthday`, `address`, `created_at`) VALUES
(1, '高鈺婷', 'mail72522@test.com', '0918911926', '1998-01-30', '屏東縣', '2024-07-08 09:52:01'),
(2, '曾怡君', 'mail49240@test.com', '0918762681', '1996-09-12', '南投縣', '2024-07-08 09:52:01'),
(3, '羅雅婷', 'mail22544@test.com', '0918962840', '1992-09-26', '新北市', '2024-07-08 09:52:01'),
(4, '曹雅婷', 'mail21172@test.com', '0918255840', '1991-03-03', '新竹市', '2024-07-08 09:52:01'),
(5, '朱冠宇', 'mail87166@test.com', '0918272435', '1988-10-26', '嘉義市', '2024-07-08 09:52:01'),
(6, '於雅婷', 'mail31122@test.com', '0918838719', '1993-09-27', '新竹市', '2024-07-08 09:52:01'),
(7, '鄧宗翰', 'mail44439@test.com', '0918108125', '1990-03-15', '苗栗縣', '2024-07-08 09:52:01'),
(8, '李彥廷', 'mail59396@test.com', '0918706116', '1988-04-22', '嘉義市', '2024-07-08 09:52:01'),
(9, '沈家瑋', 'mail26479@test.com', '0918992248', '1990-11-15', '新竹市', '2024-07-08 09:52:01'),
(10, '何雅筑', 'mail81631@test.com', '0918959070', '1991-10-05', '基隆市', '2024-07-08 09:52:01'),
(11, '宋雅筑', 'mail95623@test.com', '0918550912', '1989-10-24', '雲林縣', '2024-07-08 09:52:01'),
(12, '蕭佳穎', 'mail64017@test.com', '0918266742', '1985-03-01', '新竹市', '2024-07-08 09:52:01'),
(13, '沈佳穎', 'mail44215@test.com', '0918367123', '1992-11-13', '新竹市', '2024-07-08 09:52:01'),
(14, '鄧家瑋', 'mail31405@test.com', '0918438995', '1985-01-24', '臺南市', '2024-07-08 09:52:01'),
(15, '蕭冠廷', 'mail16640@test.com', '0918517444', '1996-09-21', '臺東縣', '2024-07-08 09:52:01'),
(16, '馮怡婷', 'mail83277@test.com', '0918709341', '1998-09-13', '屏東縣', '2024-07-08 09:52:01'),
(17, '唐郁婷', 'mail15342@test.com', '0918227022', '1985-12-22', '桃園市', '2024-07-08 09:52:01'),
(18, '唐詩涵', 'mail20426@test.com', '0918658069', '1996-02-03', '高雄市', '2024-07-08 09:52:01'),
(19, '王雅婷', 'mail48272@test.com', '0918383777', '1989-10-12', '屏東縣', '2024-07-08 09:52:01'),
(20, '張承翰', 'mail84311@test.com', '0918385918', '1985-08-19', '苗栗縣', '2024-07-08 09:52:01'),
(21, '高冠宇', 'mail80522@test.com', '0918163682', '1987-08-06', '嘉義市', '2024-07-08 09:52:01'),
(22, '羅雅筑', 'mail95900@test.com', '0918241116', '1994-01-11', '屏東縣', '2024-07-08 09:52:01'),
(23, '蕭雅婷', 'mail44613@test.com', '0918349794', '1993-06-25', '彰化縣', '2024-07-08 09:52:01'),
(24, '韓宗翰', 'mail30555@test.com', '0918696752', '1992-01-17', '新北市', '2024-07-08 09:52:01'),
(25, '吳雅筑', 'mail71106@test.com', '0918105748', '1988-07-02', '新竹市', '2024-07-08 09:52:01'),
(26, '謝鈺婷', 'mail45072@test.com', '0918525097', '1988-10-12', '新竹市', '2024-07-08 09:52:01'),
(27, '曾宜庭', 'mail27527@test.com', '0918733436', '1989-06-25', '苗栗縣', '2024-07-08 09:52:01'),
(28, '傅宜庭', 'mail30725@test.com', '0918672743', '1995-05-14', '南投縣', '2024-07-08 09:52:01'),
(29, '程怡婷', 'mail97106@test.com', '0918464283', '1994-05-21', '高雄市', '2024-07-08 09:52:01'),
(30, '董怡萱', 'mail96282@test.com', '0918776763', '1986-10-22', '苗栗縣', '2024-07-08 09:52:01'),
(31, '曾雅筑', 'mail97704@test.com', '0918926295', '1992-01-18', '雲林縣', '2024-07-08 09:52:01'),
(32, '沈彥廷', 'mail10289@test.com', '0918946974', '1989-04-08', '宜蘭縣', '2024-07-08 09:52:01'),
(33, '謝宗翰', 'mail26178@test.com', '0918677728', '1985-08-26', '宜蘭縣', '2024-07-08 09:52:01'),
(34, '胡郁婷', 'mail56033@test.com', '0918846334', '1999-10-13', '臺北市', '2024-07-08 09:52:01'),
(35, '曹承翰', 'mail81963@test.com', '0918228316', '1993-02-04', '宜蘭縣', '2024-07-08 09:52:01'),
(36, '許冠宇', 'mail66242@test.com', '0918495578', '1994-01-31', '彰化縣', '2024-07-08 09:52:01'),
(37, '楊柏翰', 'mail80020@test.com', '0918749465', '1991-03-31', '南投縣', '2024-07-08 09:52:01'),
(38, '趙宇軒', 'mail15198@test.com', '0918459189', '1995-02-24', '金門縣', '2024-07-08 09:52:01'),
(39, '袁宜庭', 'mail16906@test.com', '0918610532', '1989-09-11', '金門縣', '2024-07-08 09:52:01'),
(40, '林彥廷', 'mail31608@test.com', '0918692629', '1988-08-06', '宜蘭縣', '2024-07-08 09:52:01'),
(41, '曹雅婷', 'mail36700@test.com', '0918451185', '1996-07-28', '臺北市', '2024-07-08 09:52:01'),
(42, '董詩涵', 'mail12611@test.com', '0918570797', '1985-08-14', '宜蘭縣', '2024-07-08 09:52:01'),
(43, '於佳穎', 'mail32016@test.com', '0918125495', '1993-10-23', '臺東縣', '2024-07-08 09:52:01'),
(44, '馬鈺婷', 'mail65329@test.com', '0918822983', '1985-05-07', '臺南市', '2024-07-08 09:52:01'),
(45, '傅郁婷', 'mail40094@test.com', '0918544788', '1996-02-15', '桃園市', '2024-07-08 09:52:01'),
(46, '李怡婷', 'mail59064@test.com', '0918549474', '1992-05-08', '彰化縣', '2024-07-08 09:52:01'),
(47, '許佳穎', 'mail55931@test.com', '0918369614', '1987-10-07', '嘉義縣', '2024-07-08 09:52:01'),
(48, '鄭詩涵', 'mail83710@test.com', '0918381110', '1992-11-20', '金門縣', '2024-07-08 09:52:01'),
(49, '徐宗翰', 'mail82687@test.com', '0918584246', '1988-06-28', '連江縣', '2024-07-08 09:52:01'),
(50, '傅柏翰', 'mail37552@test.com', '0918177735', '1993-07-18', '雲林縣', '2024-07-08 09:52:01'),
(51, '林宗翰', 'mail65907@test.com', '0918852381', '1999-11-09', '苗栗縣', '2024-07-08 09:52:01'),
(52, '徐宜庭', 'mail47413@test.com', '0918636056', '1993-10-03', '嘉義市', '2024-07-08 09:52:01'),
(53, '董詩涵', 'mail67465@test.com', '0918582695', '1988-02-10', '基隆市', '2024-07-08 09:52:01'),
(54, '鄧怡婷', 'mail60188@test.com', '0918799096', '1986-01-21', '宜蘭縣', '2024-07-08 09:52:01'),
(55, '何怡婷', 'mail27650@test.com', '0918324535', '1998-03-08', '彰化縣', '2024-07-08 09:52:01'),
(56, '王家瑋', 'mail11812@test.com', '0918136631', '1996-05-16', '苗栗縣', '2024-07-08 09:52:01'),
(57, '袁宜庭', 'mail77497@test.com', '0918109595', '1991-01-05', '彰化縣', '2024-07-08 09:52:01'),
(58, '王鈺婷', 'mail35781@test.com', '0918672796', '1992-05-03', '連江縣', '2024-07-08 09:52:01'),
(59, '郭雅婷', 'mail42618@test.com', '0918513444', '1993-08-31', '屏東縣', '2024-07-08 09:52:01'),
(60, '唐家瑋', 'mail10136@test.com', '0918104923', '1996-11-11', '嘉義縣', '2024-07-08 09:52:01'),
(61, '袁家豪', 'mail91394@test.com', '0918236516', '1993-05-01', '苗栗縣', '2024-07-08 09:52:01'),
(62, '李詩涵', 'mail43131@test.com', '0918926404', '1986-03-04', '臺東縣', '2024-07-08 09:52:01'),
(63, '許詩涵', 'mail27893@test.com', '0918152845', '1986-10-30', '臺中市', '2024-07-08 09:52:01'),
(64, '何怡君', 'mail97559@test.com', '0918271751', '1989-10-16', '花蓮縣', '2024-07-08 09:52:01'),
(65, '呂雅婷', 'mail95229@test.com', '0918498188', '1995-01-09', '南投縣', '2024-07-08 09:52:01'),
(66, '孫雅筑', 'mail70629@test.com', '0918402064', '1989-09-27', '宜蘭縣', '2024-07-08 09:52:01'),
(67, '袁詩涵', 'mail29103@test.com', '0918902947', '1988-10-03', '臺北市', '2024-07-08 09:52:01'),
(68, '彭怡君', 'mail82204@test.com', '0918935473', '1994-01-13', '宜蘭縣', '2024-07-08 09:52:01'),
(69, '高怡萱', 'mail57630@test.com', '0918258115', '1985-04-27', '桃園市', '2024-07-08 09:52:01'),
(70, '王冠廷', 'mail67284@test.com', '0918228263', '1987-03-01', '臺中市', '2024-07-08 09:52:01'),
(71, '沈雅筑', 'mail16494@test.com', '0918882164', '1998-07-05', '屏東縣', '2024-07-08 09:52:01'),
(72, '蕭彥廷', 'mail85313@test.com', '0918731573', '1986-09-07', '基隆市', '2024-07-08 09:52:01'),
(73, '傅怡婷', 'mail64495@test.com', '0918905415', '1991-04-07', '屏東縣', '2024-07-08 09:52:01'),
(74, '王承翰', 'mail84868@test.com', '0918751382', '1997-10-26', '臺中市', '2024-07-08 09:52:01'),
(75, '李承翰', 'mail40554@test.com', '0918272431', '1995-06-05', '臺南市', '2024-07-08 09:52:01'),
(76, '楊鈺婷', 'mail61086@test.com', '0918300560', '1997-10-13', '基隆市', '2024-07-08 09:52:01'),
(77, '呂雅筑', 'mail78909@test.com', '0918177676', '1995-10-19', '桃園市', '2024-07-08 09:52:01'),
(78, '胡家瑋', 'mail37015@test.com', '0918174318', '1985-06-05', '彰化縣', '2024-07-08 09:52:01'),
(79, '彭怡婷', 'mail73088@test.com', '0918870783', '1999-05-30', '臺中市', '2024-07-08 09:52:01'),
(80, '鄧雅筑', 'mail12381@test.com', '0918388810', '1999-12-31', '臺東縣', '2024-07-08 09:52:01'),
(81, '朱柏翰', 'mail70528@test.com', '0918206677', '1986-03-09', '連江縣', '2024-07-08 09:52:01'),
(82, '張宜庭', 'mail12643@test.com', '0918501662', '1985-08-26', '宜蘭縣', '2024-07-08 09:52:01'),
(83, '許柏翰', 'mail76803@test.com', '0918226463', '1985-04-06', '高雄市', '2024-07-08 09:52:01'),
(84, '孫柏翰', 'mail32331@test.com', '0918890785', '1992-05-27', '新竹縣', '2024-07-08 09:52:01'),
(85, '梁宜庭', 'mail60242@test.com', '0918476406', '1989-10-07', '澎湖縣', '2024-07-08 09:52:01'),
(86, '韓彥廷', 'mail44798@test.com', '0918101752', '1987-12-12', '臺北市', '2024-07-08 09:52:01'),
(87, '王怡萱', 'mail75279@test.com', '0918691450', '1995-01-22', '宜蘭縣', '2024-07-08 09:52:01'),
(88, '於怡君', 'mail57606@test.com', '0918853111', '1987-01-19', '澎湖縣', '2024-07-08 09:52:01'),
(89, '黃家豪', 'mail92227@test.com', '0918228589', '1997-03-15', '南投縣', '2024-07-08 09:52:01'),
(90, '何雅婷', 'mail38332@test.com', '0918611080', '1987-02-13', '臺中市', '2024-07-08 09:52:01'),
(91, '鄧家瑋', 'mail15472@test.com', '0918539518', '1990-01-20', '嘉義市', '2024-07-08 09:52:01'),
(92, '鄭冠宇', 'mail29403@test.com', '0918795547', '1992-12-18', '雲林縣', '2024-07-08 09:52:01'),
(93, '蕭冠宇', 'mail56460@test.com', '0918323070', '1998-05-18', '南投縣', '2024-07-08 09:52:01'),
(94, '趙佳穎', 'mail51501@test.com', '0918823827', '1998-12-04', '南投縣', '2024-07-08 09:52:01'),
(95, '彭宗翰', 'mail71772@test.com', '0918438143', '1998-05-02', '新竹縣', '2024-07-08 09:52:01'),
(96, '趙冠宇', 'mail45739@test.com', '0918642786', '1995-01-16', '金門縣', '2024-07-08 09:52:01'),
(97, '程佳穎', 'mail58148@test.com', '0918800642', '1990-04-22', '新竹縣', '2024-07-08 09:52:01'),
(98, '鄧冠宇', 'mail71622@test.com', '0918485242', '1997-10-30', '花蓮縣', '2024-07-08 09:52:01'),
(99, '孫雅婷', 'mail50104@test.com', '0918728432', '1987-02-26', '金門縣', '2024-07-08 09:52:01'),
(100, '梁家瑋', 'mail56658@test.com', '0918724830', '1989-02-15', '苗栗縣', '2024-07-08 09:52:01'),
(101, '楊宇軒', 'mail60709@test.com', '0918194965', '1987-04-23', '臺南市', '2024-07-08 09:52:01'),
(102, '馬怡君', 'mail86711@test.com', '0918698294', '1996-11-27', '宜蘭縣', '2024-07-08 09:52:01'),
(103, '馬怡萱', 'mail59959@test.com', '0918831235', '1995-01-29', '臺中市', '2024-07-08 09:52:01'),
(104, '袁雅婷', 'mail47396@test.com', '0918817581', '1986-05-23', '雲林縣', '2024-07-08 09:52:01'),
(105, '何郁婷', 'mail96130@test.com', '0918434759', '1994-05-26', '臺中市', '2024-07-08 09:52:01'),
(106, '孫柏翰', 'mail97486@test.com', '0918896573', '1987-02-14', '臺北市', '2024-07-08 09:52:01'),
(107, '許家瑋', 'mail26036@test.com', '0918909540', '1993-02-11', '臺中市', '2024-07-08 09:52:01'),
(108, '何冠宇', 'mail58387@test.com', '0918761853', '1990-06-22', '新竹縣', '2024-07-08 09:52:01'),
(109, '董怡萱', 'mail46572@test.com', '0918320495', '1988-01-29', '南投縣', '2024-07-08 09:52:01'),
(110, '於雅婷', 'mail18047@test.com', '0918932937', '1994-01-27', '苗栗縣', '2024-07-08 09:52:01'),
(111, '周怡婷', 'mail89032@test.com', '0918210234', '1997-04-23', '臺北市', '2024-07-08 09:52:01'),
(112, '張家瑋', 'mail45101@test.com', '0918248756', '1996-12-05', '南投縣', '2024-07-08 09:52:01'),
(113, '唐郁婷', 'mail44485@test.com', '0918934304', '1988-09-30', '臺東縣', '2024-07-08 09:52:01'),
(114, '袁雅筑', 'mail75607@test.com', '0918806733', '1993-11-17', '澎湖縣', '2024-07-08 09:52:01'),
(115, '馬雅婷', 'mail32037@test.com', '0918648887', '1989-05-13', '彰化縣', '2024-07-08 09:52:01'),
(116, '謝家瑋', 'mail41839@test.com', '0918315320', '1988-02-08', '新竹市', '2024-07-08 09:52:01'),
(117, '王承翰', 'mail66918@test.com', '0918537241', '1998-12-21', '澎湖縣', '2024-07-08 09:52:01'),
(118, '郭家瑋', 'mail64741@test.com', '0918617631', '1988-05-14', '澎湖縣', '2024-07-08 09:52:01'),
(119, '沈冠宇', 'mail57962@test.com', '0918419588', '1992-05-18', '新竹縣', '2024-07-08 09:52:01'),
(120, '謝宗翰', 'mail31704@test.com', '0918683638', '1999-09-30', '屏東縣', '2024-07-08 09:52:01'),
(121, '王鈺婷', 'mail64180@test.com', '0918637062', '1991-10-11', '雲林縣', '2024-07-08 09:52:01'),
(122, '劉雅婷', 'mail38685@test.com', '0918145309', '1998-06-23', '高雄市', '2024-07-08 09:52:01'),
(123, '傅怡君', 'mail85047@test.com', '0918193685', '1993-12-15', '臺北市', '2024-07-08 09:52:01'),
(124, '曾冠宇', 'mail28980@test.com', '0918105644', '1997-11-09', '新竹市', '2024-07-08 09:52:01'),
(125, '許冠霖', 'mail24664@test.com', '0918421252', '1992-11-04', '新北市', '2024-07-08 09:52:01'),
(126, '張怡君', 'mail41475@test.com', '0918323762', '1999-04-14', '南投縣', '2024-07-08 09:52:01'),
(127, '李鈺婷', 'mail20496@test.com', '0918808345', '1987-05-16', '宜蘭縣', '2024-07-08 09:52:01'),
(128, '馮冠廷', 'mail47530@test.com', '0918354830', '1991-07-23', '雲林縣', '2024-07-08 09:52:01'),
(129, '彭郁婷', 'mail27783@test.com', '0918104758', '1990-10-17', '苗栗縣', '2024-07-08 09:52:01'),
(130, '何雅筑', 'mail87811@test.com', '0918748306', '1989-11-19', '彰化縣', '2024-07-08 09:52:01'),
(131, '李家豪', 'mail56478@test.com', '0918846816', '1993-01-28', '臺北市', '2024-07-08 09:52:01'),
(132, '趙家豪', 'mail75974@test.com', '0918606789', '1986-07-08', '新北市', '2024-07-08 09:52:01'),
(133, '傅怡婷', 'mail44067@test.com', '0918495553', '1990-10-10', '南投縣', '2024-07-08 09:52:01'),
(134, '徐詩涵', 'mail87402@test.com', '0918330870', '1999-04-11', '南投縣', '2024-07-08 09:52:01'),
(135, '梁家豪', 'mail51379@test.com', '0918547031', '1985-03-28', '南投縣', '2024-07-08 09:52:01'),
(136, '周柏翰', 'mail80170@test.com', '0918141811', '1999-10-31', '新北市', '2024-07-08 09:52:01'),
(137, '程郁婷', 'mail12416@test.com', '0918343612', '1990-07-19', '屏東縣', '2024-07-08 09:52:01'),
(138, '楊冠霖', 'mail71299@test.com', '0918996286', '1989-04-13', '高雄市', '2024-07-08 09:52:01'),
(139, '朱宗翰', 'mail41246@test.com', '0918427893', '1996-03-08', '新竹縣', '2024-07-08 09:52:01'),
(140, '高佳穎', 'mail48385@test.com', '0918825170', '1986-11-29', '臺南市', '2024-07-08 09:52:01'),
(141, '劉冠廷', 'mail92537@test.com', '0918414890', '1990-01-15', '金門縣', '2024-07-08 09:52:01'),
(142, '袁怡婷', 'mail57068@test.com', '0918837869', '1998-03-05', '新北市', '2024-07-08 09:52:01'),
(143, '高宗翰', 'mail64318@test.com', '0918847202', '1990-07-25', '桃園市', '2024-07-08 09:52:01'),
(144, '劉宜庭', 'mail78985@test.com', '0918874646', '1991-11-12', '連江縣', '2024-07-08 09:52:01'),
(145, '鄭宇軒', 'mail65913@test.com', '0918426899', '1987-12-16', '基隆市', '2024-07-08 09:52:01'),
(146, '王承翰', 'mail15165@test.com', '0918602998', '1989-03-17', '雲林縣', '2024-07-08 09:52:01'),
(147, '王家瑋', 'mail23408@test.com', '0918694844', '1987-09-10', '新竹市', '2024-07-08 09:52:01'),
(148, '周家豪', 'mail43581@test.com', '0918158463', '1996-08-18', '連江縣', '2024-07-08 09:52:01'),
(149, '高承翰', 'mail22590@test.com', '0918323822', '1987-10-19', '嘉義縣', '2024-07-08 09:52:01'),
(150, '傅冠霖', 'mail11777@test.com', '0918196599', '1994-03-22', '彰化縣', '2024-07-08 09:52:01'),
(151, '何怡萱', 'mail99804@test.com', '0918856589', '1991-11-02', '宜蘭縣', '2024-07-08 09:52:01'),
(152, '徐冠宇', 'mail14389@test.com', '0918751039', '1985-03-16', '嘉義縣', '2024-07-08 09:52:01'),
(153, '彭郁婷', 'mail24581@test.com', '0918386359', '1989-08-22', '南投縣', '2024-07-08 09:52:01'),
(154, '馮佳穎', 'mail53533@test.com', '0918568261', '1988-03-04', '桃園市', '2024-07-08 09:52:01'),
(155, '吳家瑋', 'mail47370@test.com', '0918509656', '1992-12-21', '基隆市', '2024-07-08 09:52:01'),
(156, '馮冠宇', 'mail13758@test.com', '0918138504', '1991-06-03', '連江縣', '2024-07-08 09:52:01'),
(157, '羅冠霖', 'mail61683@test.com', '0918274808', '1993-08-31', '高雄市', '2024-07-08 09:52:01'),
(158, '鄭宇軒', 'mail41523@test.com', '0918160741', '1999-05-06', '新竹市', '2024-07-08 09:52:01'),
(159, '程怡君', 'mail68803@test.com', '0918790452', '1995-02-09', '屏東縣', '2024-07-08 09:52:01'),
(160, '蕭柏翰', 'mail29924@test.com', '0918934905', '1985-07-09', '雲林縣', '2024-07-08 09:52:01'),
(161, '郭承翰', 'mail24709@test.com', '0918157628', '1989-07-17', '金門縣', '2024-07-08 09:52:01'),
(162, '許冠霖', 'mail19597@test.com', '0918516250', '1998-02-26', '新竹市', '2024-07-08 09:52:01'),
(163, '曹怡婷', 'mail73549@test.com', '0918219923', '1994-09-15', '新北市', '2024-07-08 09:52:01'),
(164, '彭郁婷', 'mail67295@test.com', '0918497450', '1999-05-17', '花蓮縣', '2024-07-08 09:52:01'),
(165, '謝詩涵', 'mail57448@test.com', '0918271912', '1996-09-19', '屏東縣', '2024-07-08 09:52:01'),
(166, '陳詩涵', 'mail93880@test.com', '0918328532', '1986-04-09', '南投縣', '2024-07-08 09:52:01'),
(167, '謝家豪', 'mail20810@test.com', '0918809617', '1996-01-24', '嘉義市', '2024-07-08 09:52:01'),
(168, '袁冠霖', 'mail42662@test.com', '0918385501', '1996-05-19', '臺中市', '2024-07-08 09:52:01'),
(169, '郭雅筑', 'mail96531@test.com', '0918878408', '1986-08-09', '高雄市', '2024-07-08 09:52:01'),
(170, '傅宇軒', 'mail58662@test.com', '0918335291', '1996-08-19', '臺東縣', '2024-07-08 09:52:01'),
(171, '鄭詩涵', 'mail11160@test.com', '0918159736', '1989-04-27', '新竹市', '2024-07-08 09:52:01'),
(172, '周冠霖', 'mail34768@test.com', '0918276535', '1998-09-26', '連江縣', '2024-07-08 09:52:01'),
(173, '何冠廷', 'mail45054@test.com', '0918254939', '1987-01-21', '基隆市', '2024-07-08 09:52:01'),
(174, '謝冠廷', 'mail71930@test.com', '0918335366', '1992-11-18', '新北市', '2024-07-08 09:52:01'),
(175, '宋佳穎', 'mail70000@test.com', '0918973977', '1985-05-04', '臺北市', '2024-07-08 09:52:01'),
(176, '黃冠霖', 'mail33495@test.com', '0918583556', '1997-08-18', '臺北市', '2024-07-08 09:52:01'),
(177, '羅詩涵', 'mail50846@test.com', '0918998461', '1992-08-04', '新竹市', '2024-07-08 09:52:01'),
(178, '徐家豪', 'mail89273@test.com', '0918921541', '1992-03-15', '新竹縣', '2024-07-08 09:52:01'),
(179, '高宇軒', 'mail93211@test.com', '0918552559', '1989-06-08', '苗栗縣', '2024-07-08 09:52:01'),
(180, '沈彥廷', 'mail13319@test.com', '0918878949', '1996-03-31', '臺北市', '2024-07-08 09:52:01'),
(181, '謝承翰', 'mail45707@test.com', '0918288198', '1997-07-24', '新北市', '2024-07-08 09:52:01'),
(182, '吳家瑋', 'mail17886@test.com', '0918586060', '1992-12-18', '花蓮縣', '2024-07-08 09:52:01'),
(183, '董冠宇', 'mail23457@test.com', '0918702598', '1987-04-21', '金門縣', '2024-07-08 09:52:01'),
(184, '彭冠宇', 'mail61308@test.com', '0918419625', '1989-10-22', '臺北市', '2024-07-08 09:52:01'),
(185, '孫詩涵', 'mail81191@test.com', '0918140980', '1993-04-02', '新竹縣', '2024-07-08 09:52:01'),
(186, '何雅筑', 'mail72622@test.com', '0918393605', '1989-05-14', '臺中市', '2024-07-08 09:52:01'),
(187, '鄧冠宇', 'mail32857@test.com', '0918433436', '1990-10-08', '花蓮縣', '2024-07-08 09:52:01'),
(188, '胡怡婷', 'mail77757@test.com', '0918245974', '1992-02-16', '臺東縣', '2024-07-08 09:52:01'),
(189, '陳柏翰', 'mail17503@test.com', '0918835137', '1993-02-19', '基隆市', '2024-07-08 09:52:01'),
(190, '蕭怡君', 'mail78015@test.com', '0918511633', '1985-11-21', '嘉義市', '2024-07-08 09:52:01'),
(191, '孫宗翰', 'mail38392@test.com', '0918521774', '1995-11-29', '南投縣', '2024-07-08 09:52:01'),
(192, '梁佳穎', 'mail99387@test.com', '0918636860', '1988-04-18', '苗栗縣', '2024-07-08 09:52:01'),
(193, '鄭鈺婷', 'mail99260@test.com', '0918930359', '1991-08-09', '桃園市', '2024-07-08 09:52:01'),
(194, '梁怡婷', 'mail26874@test.com', '0918170734', '1999-06-17', '臺東縣', '2024-07-08 09:52:01'),
(195, '郭怡婷', 'mail31902@test.com', '0918377748', '1985-06-04', '花蓮縣', '2024-07-08 09:52:01'),
(196, '傅宇軒', 'mail86971@test.com', '0918825151', '1987-06-22', '臺南市', '2024-07-08 09:52:01'),
(197, '董家豪', 'mail29090@test.com', '0918583029', '1999-11-09', '彰化縣', '2024-07-08 09:52:01'),
(198, '曹鈺婷', 'mail12141@test.com', '0918879634', '1993-02-02', '基隆市', '2024-07-08 09:52:01'),
(199, '彭冠廷', 'mail36010@test.com', '0918468142', '1987-03-04', '臺南市', '2024-07-08 09:52:01'),
(200, '於柏翰', 'mail66858@test.com', '0918523053', '1986-12-30', '新北市', '2024-07-08 09:52:01'),
(201, '傅郁婷', 'mail73173@test.com', '0918676921', '1985-03-09', '新竹縣', '2024-07-08 09:52:01'),
(202, '朱家瑋', 'mail73436@test.com', '0918168169', '1994-02-01', '宜蘭縣', '2024-07-08 09:52:01'),
(203, '曾承翰', 'mail92693@test.com', '0918595521', '1995-03-11', '新竹市', '2024-07-08 09:52:01'),
(204, '董家瑋', 'mail98292@test.com', '0918858064', '1991-04-13', '臺東縣', '2024-07-08 09:52:01'),
(205, '張承翰', 'mail56007@test.com', '0918822036', '1992-07-04', '新北市', '2024-07-08 09:52:01'),
(206, '高郁婷', 'mail85648@test.com', '0918207179', '1994-06-08', '連江縣', '2024-07-08 09:52:01'),
(207, '劉佳穎', 'mail39764@test.com', '0918689165', '1995-08-26', '宜蘭縣', '2024-07-08 09:52:01'),
(208, '韓冠霖', 'mail22552@test.com', '0918671714', '1988-06-23', '澎湖縣', '2024-07-08 09:52:01'),
(209, '周佳穎', 'mail40825@test.com', '0918138177', '1992-02-29', '臺東縣', '2024-07-08 09:52:01'),
(210, '林家瑋', 'mail53485@test.com', '0918161628', '1999-03-12', '臺中市', '2024-07-08 09:52:01'),
(211, '馬鈺婷', 'mail69352@test.com', '0918118545', '1987-10-20', '新北市', '2024-07-08 09:52:01'),
(212, '楊冠宇', 'mail21687@test.com', '0918786632', '1991-06-26', '彰化縣', '2024-07-08 09:52:01'),
(213, '鄧佳穎', 'mail51984@test.com', '0918188087', '1989-11-13', '連江縣', '2024-07-08 09:52:01'),
(214, '朱冠宇', 'mail18570@test.com', '0918637410', '1997-07-29', '花蓮縣', '2024-07-08 09:52:01'),
(215, '曾冠宇', 'mail41606@test.com', '0918530898', '1998-02-12', '連江縣', '2024-07-08 09:52:01'),
(216, '張冠廷', 'mail34770@test.com', '0918898656', '1992-05-05', '南投縣', '2024-07-08 09:52:01'),
(217, '王承翰', 'mail66854@test.com', '0918826181', '1994-05-30', '澎湖縣', '2024-07-08 09:52:01'),
(218, '何怡萱', 'mail19653@test.com', '0918690479', '1990-08-14', '新竹市', '2024-07-08 09:52:01'),
(219, '馮彥廷', 'mail78166@test.com', '0918707901', '1997-11-28', '嘉義市', '2024-07-08 09:52:01'),
(220, '曹雅婷', 'mail22941@test.com', '0918962263', '1994-06-18', '基隆市', '2024-07-08 09:52:01'),
(221, '羅彥廷', 'mail91832@test.com', '0918311334', '1990-07-10', '澎湖縣', '2024-07-08 09:52:01'),
(222, '朱詩涵', 'mail29061@test.com', '0918608466', '1989-11-16', '高雄市', '2024-07-08 09:52:01'),
(223, '彭鈺婷', 'mail47295@test.com', '0918661621', '1987-09-22', '臺南市', '2024-07-08 09:52:01'),
(224, '曹雅婷', 'mail28915@test.com', '0918406528', '1986-09-02', '屏東縣', '2024-07-08 09:52:01'),
(225, '韓家瑋', 'mail21391@test.com', '0918997232', '1987-04-21', '花蓮縣', '2024-07-08 09:52:01'),
(226, '宋冠廷', 'mail31954@test.com', '0918370798', '1989-09-01', '嘉義縣', '2024-07-08 09:52:01'),
(227, '董冠宇', 'mail47357@test.com', '0918890995', '1985-12-05', '新北市', '2024-07-08 09:52:01'),
(228, '陳宜庭', 'mail32328@test.com', '0918737723', '1992-01-01', '臺北市', '2024-07-08 09:52:01'),
(229, '韓冠廷', 'mail76553@test.com', '0918597495', '1985-06-27', '基隆市', '2024-07-08 09:52:01'),
(230, '謝詩涵', 'mail69297@test.com', '0918760012', '1988-03-23', '嘉義市', '2024-07-08 09:52:01'),
(231, '於冠宇', 'mail66555@test.com', '0918849400', '1991-07-12', '桃園市', '2024-07-08 09:52:01'),
(232, '馬冠霖', 'mail37121@test.com', '0918355045', '1985-02-12', '新竹市', '2024-07-08 09:52:01'),
(233, '程冠宇', 'mail89398@test.com', '0918468099', '1993-12-16', '高雄市', '2024-07-08 09:52:01'),
(234, '梁承翰', 'mail20299@test.com', '0918988188', '1996-03-07', '彰化縣', '2024-07-08 09:52:01'),
(235, '趙冠宇', 'mail52181@test.com', '0918824132', '1999-08-30', '花蓮縣', '2024-07-08 09:52:01'),
(236, '黃佳穎', 'mail67907@test.com', '0918236004', '1987-07-18', '連江縣', '2024-07-08 09:52:01'),
(237, '徐佳穎', 'mail52789@test.com', '0918972410', '1991-11-22', '臺東縣', '2024-07-08 09:52:01'),
(238, '楊彥廷', 'mail98304@test.com', '0918132575', '1999-02-16', '基隆市', '2024-07-08 09:52:01'),
(239, '袁承翰', 'mail64812@test.com', '0918164012', '1998-05-09', '金門縣', '2024-07-08 09:52:01'),
(240, '吳雅婷', 'mail30679@test.com', '0918604965', '1992-01-11', '桃園市', '2024-07-08 09:52:01'),
(241, '羅郁婷', 'mail50860@test.com', '0918363831', '1989-12-03', '連江縣', '2024-07-08 09:52:01'),
(242, '宋彥廷', 'mail60884@test.com', '0918384085', '1996-10-29', '屏東縣', '2024-07-08 09:52:01'),
(243, '蕭雅筑', 'mail79611@test.com', '0918376635', '1988-05-27', '嘉義縣', '2024-07-08 09:52:01'),
(244, '鄧郁婷', 'mail99149@test.com', '0918250670', '1986-09-18', '桃園市', '2024-07-08 09:52:01'),
(245, '呂彥廷', 'mail54141@test.com', '0918943809', '1991-03-24', '嘉義縣', '2024-07-08 09:52:02'),
(246, '胡佳穎', 'mail75891@test.com', '0918574106', '1986-11-08', '澎湖縣', '2024-07-08 09:52:02'),
(247, '韓鈺婷', 'mail37891@test.com', '0918118237', '1996-03-10', '金門縣', '2024-07-08 09:52:02'),
(248, '陳冠霖', 'mail29425@test.com', '0918920193', '1996-04-10', '宜蘭縣', '2024-07-08 09:52:02'),
(249, '唐雅婷', 'mail11849@test.com', '0918890431', '1999-04-17', '臺中市', '2024-07-08 09:52:02'),
(250, '梁冠廷', 'mail34216@test.com', '0918177606', '1996-07-21', '南投縣', '2024-07-08 09:52:02'),
(251, '孫怡萱', 'mail60002@test.com', '0918461639', '1995-04-28', '高雄市', '2024-07-08 09:52:02'),
(252, '呂宇軒', 'mail13937@test.com', '0918322744', '1998-07-20', '南投縣', '2024-07-08 09:52:02'),
(253, '郭宜庭', 'mail30153@test.com', '0918738698', '1992-05-20', '澎湖縣', '2024-07-08 09:52:02'),
(254, '董柏翰', 'mail43958@test.com', '0918258064', '1995-12-20', '澎湖縣', '2024-07-08 09:52:02'),
(255, '郭佳穎', 'mail76001@test.com', '0918179857', '1990-10-27', '連江縣', '2024-07-08 09:52:02'),
(256, '何彥廷', 'mail99345@test.com', '0918852706', '1997-12-11', '基隆市', '2024-07-08 09:52:02'),
(257, '陳承翰', 'mail15908@test.com', '0918921290', '1990-04-14', '基隆市', '2024-07-08 09:52:02'),
(258, '曾詩涵', 'mail73406@test.com', '0918711720', '1987-10-25', '新竹市', '2024-07-08 09:52:02'),
(259, '黃雅婷', 'mail29373@test.com', '0918157666', '1987-07-03', '宜蘭縣', '2024-07-08 09:52:02'),
(260, '曾怡君', 'mail70402@test.com', '0918688533', '1994-04-24', '新竹縣', '2024-07-08 09:52:02'),
(261, '胡冠霖', 'mail42394@test.com', '0918912152', '1988-06-14', '高雄市', '2024-07-08 09:52:02'),
(262, '趙冠廷', 'mail70654@test.com', '0918311889', '1998-06-13', '新竹市', '2024-07-08 09:52:02'),
(263, '彭雅婷', 'mail59201@test.com', '0918283456', '1990-09-29', '苗栗縣', '2024-07-08 09:52:02'),
(264, '林怡君', 'mail37786@test.com', '0918333657', '1989-12-14', '高雄市', '2024-07-08 09:52:02'),
(265, '高家豪', 'mail73500@test.com', '0918561862', '1988-09-12', '嘉義市', '2024-07-08 09:52:02'),
(266, '陳怡君', 'mail23404@test.com', '0918786217', '1995-01-17', '雲林縣', '2024-07-08 09:52:02'),
(267, '朱怡君', 'mail87574@test.com', '0918827174', '1987-04-13', '南投縣', '2024-07-08 09:52:02'),
(268, '於雅筑', 'mail89722@test.com', '0918511591', '1995-05-30', '彰化縣', '2024-07-08 09:52:02'),
(269, '楊冠宇', 'mail80373@test.com', '0918190744', '1986-10-13', '臺南市', '2024-07-08 09:52:02'),
(270, '何家豪', 'mail65326@test.com', '0918979544', '1986-12-14', '新竹市', '2024-07-08 09:52:02'),
(271, '何怡萱', 'mail86513@test.com', '0918604042', '1987-11-05', '臺東縣', '2024-07-08 09:52:02'),
(272, '王佳穎', 'mail22814@test.com', '0918972874', '1994-10-23', '新北市', '2024-07-08 09:52:02'),
(273, '蕭冠宇', 'mail44076@test.com', '0918867251', '1992-03-10', '新北市', '2024-07-08 09:52:02'),
(274, '謝家瑋', 'mail72475@test.com', '0918977015', '1989-09-09', '新竹縣', '2024-07-08 09:52:02'),
(275, '謝宗翰', 'mail79872@test.com', '0918725501', '1993-06-28', '基隆市', '2024-07-08 09:52:02'),
(276, '王宗翰', 'mail98484@test.com', '0918377742', '1997-09-27', '嘉義市', '2024-07-08 09:52:02'),
(277, '楊承翰', 'mail10573@test.com', '0918876573', '1995-07-20', '桃園市', '2024-07-08 09:52:02'),
(278, '王冠霖', 'mail30969@test.com', '0918393914', '1993-12-05', '彰化縣', '2024-07-08 09:52:02'),
(279, '鄭詩涵', 'mail75262@test.com', '0918631669', '1998-05-27', '高雄市', '2024-07-08 09:52:02'),
(280, '呂怡婷', 'mail21897@test.com', '0918727543', '1987-04-10', '嘉義縣', '2024-07-08 09:52:02'),
(281, '王彥廷', 'mail19302@test.com', '0918932707', '1999-12-30', '嘉義市', '2024-07-08 09:52:02'),
(282, '梁宇軒', 'mail69422@test.com', '0918589429', '1993-10-28', '彰化縣', '2024-07-08 09:52:02'),
(283, '唐怡君', 'mail18022@test.com', '0918624562', '1998-04-15', '苗栗縣', '2024-07-08 09:52:02'),
(284, '唐宇軒', 'mail52044@test.com', '0918277661', '1999-06-21', '澎湖縣', '2024-07-08 09:52:02'),
(285, '郭宗翰', 'mail94290@test.com', '0918108998', '1987-03-15', '臺北市', '2024-07-08 09:52:02'),
(286, '羅怡萱', 'mail92984@test.com', '0918870779', '1991-03-11', '桃園市', '2024-07-08 09:52:02'),
(287, '馮鈺婷', 'mail51468@test.com', '0918200036', '1988-08-07', '屏東縣', '2024-07-08 09:52:02'),
(288, '袁宜庭', 'mail47599@test.com', '0918876593', '1988-12-11', '花蓮縣', '2024-07-08 09:52:02'),
(289, '宋宗翰', 'mail19332@test.com', '0918100700', '1989-06-05', '屏東縣', '2024-07-08 09:52:02'),
(290, '羅家瑋', 'mail77113@test.com', '0918137213', '1991-06-22', '花蓮縣', '2024-07-08 09:52:02'),
(291, '沈柏翰', 'mail58965@test.com', '0918759732', '1996-06-06', '新竹縣', '2024-07-08 09:52:02'),
(292, '程郁婷', 'mail16595@test.com', '0918550676', '1988-02-06', '花蓮縣', '2024-07-08 09:52:02'),
(293, '徐家瑋', 'mail59462@test.com', '0918362062', '1989-11-02', '新竹縣', '2024-07-08 09:52:02'),
(294, '郭柏翰', 'mail89173@test.com', '0918648925', '1989-05-25', '臺東縣', '2024-07-08 09:52:02'),
(295, '郭怡婷', 'mail76462@test.com', '0918269886', '1989-02-28', '澎湖縣', '2024-07-08 09:52:02'),
(296, '沈郁婷', 'mail77304@test.com', '0918388762', '1999-02-14', '連江縣', '2024-07-08 09:52:02'),
(297, '黃宗翰', 'mail50051@test.com', '0918458357', '1999-10-02', '臺南市', '2024-07-08 09:52:02'),
(298, '程柏翰', 'mail62666@test.com', '0918600813', '1985-02-28', '臺南市', '2024-07-08 09:52:02'),
(299, '徐冠霖', 'mail45374@test.com', '0918779508', '1990-04-24', '新北市', '2024-07-08 09:52:02'),
(300, '羅宜庭', 'mail88292@test.com', '0918274289', '1994-06-25', '新北市', '2024-07-08 09:52:02'),
(301, '謝怡婷', 'mail49509@test.com', '0918778464', '1999-10-11', '嘉義市', '2024-07-08 09:52:02'),
(302, '周郁婷', 'mail99074@test.com', '0918999602', '1992-09-01', '臺中市', '2024-07-08 09:52:02'),
(303, '梁宇軒', 'mail31740@test.com', '0918687948', '1993-05-04', '金門縣', '2024-07-08 09:52:02'),
(304, '劉雅婷', 'mail77245@test.com', '0918851848', '1998-03-31', '嘉義市', '2024-07-08 09:52:02'),
(305, '孫鈺婷', 'mail64650@test.com', '0918517637', '1996-11-23', '新竹縣', '2024-07-08 09:52:02'),
(306, '梁冠廷', 'mail50486@test.com', '0918260345', '1998-12-25', '嘉義市', '2024-07-08 09:52:02'),
(307, '李詩涵', 'mail34789@test.com', '0918279195', '1992-08-10', '臺北市', '2024-07-08 09:52:02'),
(308, '梁鈺婷', 'mail16973@test.com', '0918531819', '1992-01-14', '新竹市', '2024-07-08 09:52:02'),
(309, '胡怡萱', 'mail76331@test.com', '0918206292', '1987-02-08', '桃園市', '2024-07-08 09:52:02'),
(310, '董佳穎', 'mail75816@test.com', '0918105828', '1987-05-22', '金門縣', '2024-07-08 09:52:02'),
(311, '黃雅筑', 'mail20962@test.com', '0918608171', '1993-08-31', '苗栗縣', '2024-07-08 09:52:02'),
(312, '黃宇軒', 'mail69054@test.com', '0918880848', '1992-02-02', '臺南市', '2024-07-08 09:52:02'),
(313, '袁承翰', 'mail16874@test.com', '0918632072', '1994-10-21', '臺東縣', '2024-07-08 09:52:02'),
(314, '曾家豪', 'mail25644@test.com', '0918440545', '1997-02-11', '嘉義市', '2024-07-08 09:52:02'),
(315, '朱怡婷', 'mail71335@test.com', '0918462659', '1991-11-26', '金門縣', '2024-07-08 09:52:02'),
(316, '周承翰', 'mail73137@test.com', '0918520289', '1988-09-15', '連江縣', '2024-07-08 09:52:02'),
(317, '高承翰', 'mail11958@test.com', '0918563845', '1997-08-29', '臺東縣', '2024-07-08 09:52:02'),
(318, '袁家瑋', 'mail22429@test.com', '0918914587', '1988-07-08', '基隆市', '2024-07-08 09:52:02'),
(319, '鄭佳穎', 'mail24429@test.com', '0918436139', '1999-07-14', '花蓮縣', '2024-07-08 09:52:02'),
(320, '鄧冠宇', 'mail76399@test.com', '0918785238', '1996-12-25', '嘉義縣', '2024-07-08 09:52:02'),
(321, '謝雅筑', 'mail95802@test.com', '0918516729', '1986-05-21', '新竹縣', '2024-07-08 09:52:02'),
(322, '胡宗翰', 'mail16397@test.com', '0918359683', '1995-03-01', '金門縣', '2024-07-08 09:52:02'),
(323, '宋冠廷', 'mail80962@test.com', '0918727629', '1996-09-02', '屏東縣', '2024-07-08 09:52:02'),
(324, '於宜庭', 'mail97046@test.com', '0918982884', '1987-01-12', '屏東縣', '2024-07-08 09:52:02'),
(325, '董佳穎', 'mail97832@test.com', '0918271562', '1987-11-29', '臺北市', '2024-07-08 09:52:02'),
(326, '周柏翰', 'mail43046@test.com', '0918844659', '1999-05-04', '彰化縣', '2024-07-08 09:52:02'),
(327, '曾宗翰', 'mail59287@test.com', '0918291984', '1994-08-10', '金門縣', '2024-07-08 09:52:02'),
(328, '鄭佳穎', 'mail75555@test.com', '0918899286', '1987-12-14', '雲林縣', '2024-07-08 09:52:02'),
(329, '胡宜庭', 'mail44422@test.com', '0918953767', '1991-01-27', '桃園市', '2024-07-08 09:52:02'),
(330, '韓彥廷', 'mail40246@test.com', '0918412936', '1990-01-14', '南投縣', '2024-07-08 09:52:02'),
(331, '唐佳穎', 'mail63235@test.com', '0918109379', '1988-12-06', '金門縣', '2024-07-08 09:52:02'),
(332, '何怡婷', 'mail49041@test.com', '0918522371', '1985-04-15', '臺中市', '2024-07-08 09:52:02'),
(333, '馬宇軒', 'mail67722@test.com', '0918303578', '1992-12-09', '澎湖縣', '2024-07-08 09:52:02'),
(334, '蕭柏翰', 'mail41158@test.com', '0918184127', '1995-11-27', '屏東縣', '2024-07-08 09:52:02'),
(335, '彭家瑋', 'mail96800@test.com', '0918358451', '1996-02-12', '新竹市', '2024-07-08 09:52:02'),
(336, '曹雅筑', 'mail88181@test.com', '0918302272', '1988-10-11', '嘉義市', '2024-07-08 09:52:02'),
(337, '郭怡萱', 'mail57455@test.com', '0918135721', '1999-11-24', '臺南市', '2024-07-08 09:52:02'),
(338, '馮彥廷', 'mail73957@test.com', '0918556774', '1995-05-07', '臺南市', '2024-07-08 09:52:02'),
(339, '沈詩涵', 'mail24344@test.com', '0918929494', '1994-09-14', '嘉義縣', '2024-07-08 09:52:02'),
(340, '宋怡婷', 'mail36290@test.com', '0918469639', '1998-01-31', '屏東縣', '2024-07-08 09:52:02'),
(341, '高怡萱', 'mail81190@test.com', '0918586489', '1990-12-29', '嘉義市', '2024-07-08 09:52:02'),
(342, '李家瑋', 'mail86885@test.com', '0918944771', '1996-02-29', '花蓮縣', '2024-07-08 09:52:02'),
(343, '韓佳穎', 'mail89458@test.com', '0918786027', '1986-05-25', '新北市', '2024-07-08 09:52:02'),
(344, '許佳穎', 'mail47091@test.com', '0918140357', '1995-11-01', '基隆市', '2024-07-08 09:52:02'),
(345, '楊詩涵', 'mail72861@test.com', '0918916572', '1985-09-28', '屏東縣', '2024-07-08 09:52:02'),
(346, '胡家瑋', 'mail87509@test.com', '0918492581', '1999-10-03', '澎湖縣', '2024-07-08 09:52:02'),
(347, '馮冠宇', 'mail12098@test.com', '0918377021', '1987-05-31', '澎湖縣', '2024-07-08 09:52:02'),
(348, '梁彥廷', 'mail70283@test.com', '0918541188', '1988-01-29', '金門縣', '2024-07-08 09:52:02'),
(349, '高承翰', 'mail42577@test.com', '0918271127', '1998-12-15', '新竹市', '2024-07-08 09:52:02'),
(350, '程鈺婷', 'mail82127@test.com', '0918899025', '1986-10-04', '苗栗縣', '2024-07-08 09:52:02'),
(351, '何宜庭', 'mail75102@test.com', '0918297834', '1988-11-30', '桃園市', '2024-07-08 09:52:02'),
(352, '馮鈺婷', 'mail14658@test.com', '0918415309', '1997-11-18', '苗栗縣', '2024-07-08 09:52:02'),
(353, '蕭郁婷', 'mail97035@test.com', '0918508792', '1990-07-25', '新竹縣', '2024-07-08 09:52:02'),
(354, '徐冠霖', 'mail30929@test.com', '0918689765', '1997-03-08', '苗栗縣', '2024-07-08 09:52:02'),
(355, '唐宗翰', 'mail82069@test.com', '0918595092', '1985-09-27', '基隆市', '2024-07-08 09:52:02'),
(356, '沈冠廷', 'mail74191@test.com', '0918322250', '1986-03-14', '臺南市', '2024-07-08 09:52:02'),
(357, '劉冠宇', 'mail46097@test.com', '0918661515', '1995-12-10', '臺中市', '2024-07-08 09:52:02'),
(358, '劉郁婷', 'mail97765@test.com', '0918109045', '1997-07-22', '南投縣', '2024-07-08 09:52:02'),
(359, '胡承翰', 'mail68069@test.com', '0918648446', '1997-10-08', '高雄市', '2024-07-08 09:52:02'),
(360, '周雅婷', 'mail24882@test.com', '0918469303', '1997-12-23', '臺東縣', '2024-07-08 09:52:02'),
(361, '高宗翰', 'mail88484@test.com', '0918919587', '1986-02-23', '臺東縣', '2024-07-08 09:52:02'),
(362, '董宗翰', 'mail45956@test.com', '0918197309', '1992-02-15', '新北市', '2024-07-08 09:52:02'),
(363, '袁家瑋', 'mail68793@test.com', '0918400101', '1992-02-02', '連江縣', '2024-07-08 09:52:02'),
(364, '梁冠廷', 'mail60549@test.com', '0918697603', '1996-08-27', '臺中市', '2024-07-08 09:52:02'),
(365, '趙郁婷', 'mail29175@test.com', '0918308106', '1992-07-03', '嘉義市', '2024-07-08 09:52:02'),
(366, '許鈺婷', 'mail15022@test.com', '0918481570', '1996-06-22', '基隆市', '2024-07-08 09:52:02'),
(367, '朱雅筑', 'mail77632@test.com', '0918383497', '1992-03-31', '臺中市', '2024-07-08 09:52:02'),
(368, '王怡萱', 'mail60962@test.com', '0918349763', '1999-08-01', '新竹市', '2024-07-08 09:52:02'),
(369, '朱冠宇', 'mail69296@test.com', '0918144537', '1989-12-24', '新竹縣', '2024-07-08 09:52:02'),
(370, '趙家瑋', 'mail81817@test.com', '0918893470', '1993-01-17', '屏東縣', '2024-07-08 09:52:02'),
(371, '許承翰', 'mail54064@test.com', '0918808745', '1993-04-01', '彰化縣', '2024-07-08 09:52:02'),
(372, '梁郁婷', 'mail65454@test.com', '0918807306', '1996-12-07', '臺中市', '2024-07-08 09:52:02'),
(373, '許佳穎', 'mail42375@test.com', '0918590931', '1990-07-24', '彰化縣', '2024-07-08 09:52:02'),
(374, '蕭雅婷', 'mail95477@test.com', '0918294431', '1996-04-21', '嘉義縣', '2024-07-08 09:52:02'),
(375, '何宗翰', 'mail58722@test.com', '0918134346', '1988-09-02', '苗栗縣', '2024-07-08 09:52:02'),
(376, '劉宗翰', 'mail27293@test.com', '0918659510', '1990-07-30', '花蓮縣', '2024-07-08 09:52:02'),
(377, '袁家瑋', 'mail53004@test.com', '0918574306', '1989-04-16', '新竹縣', '2024-07-08 09:52:02'),
(378, '程柏翰', 'mail26359@test.com', '0918911855', '1990-12-29', '花蓮縣', '2024-07-08 09:52:02'),
(379, '王怡君', 'mail31847@test.com', '0918709888', '1991-02-04', '宜蘭縣', '2024-07-08 09:52:02'),
(380, '許承翰', 'mail40965@test.com', '0918815295', '1998-02-11', '金門縣', '2024-07-08 09:52:02'),
(381, '呂怡君', 'mail57201@test.com', '0918708363', '1994-08-10', '新竹市', '2024-07-08 09:52:02'),
(382, '周詩涵', 'mail79961@test.com', '0918488816', '1990-01-03', '新北市', '2024-07-08 09:52:02'),
(383, '傅宗翰', 'mail92580@test.com', '0918335420', '1996-11-25', '屏東縣', '2024-07-08 09:52:02'),
(384, '唐雅婷', 'mail76147@test.com', '0918650838', '1988-11-05', '彰化縣', '2024-07-08 09:52:02'),
(385, '蕭雅筑', 'mail35759@test.com', '0918954907', '1986-06-14', '桃園市', '2024-07-08 09:52:02'),
(386, '馬怡萱', 'mail39992@test.com', '0918501460', '1995-03-11', '高雄市', '2024-07-08 09:52:02'),
(387, '呂雅筑', 'mail74085@test.com', '0918370042', '1989-03-12', '新竹縣', '2024-07-08 09:52:02'),
(388, '劉佳穎', 'mail69905@test.com', '0918665498', '1988-10-12', '雲林縣', '2024-07-08 09:52:02'),
(389, '馬鈺婷', 'mail57584@test.com', '0918360858', '1986-06-12', '苗栗縣', '2024-07-08 09:52:02'),
(390, '孫怡萱', 'mail84627@test.com', '0918999599', '1989-09-01', '桃園市', '2024-07-08 09:52:02'),
(391, '楊怡君', 'mail30342@test.com', '0918357102', '1993-03-02', '臺中市', '2024-07-08 09:52:02'),
(392, '董柏翰', 'mail33107@test.com', '0918991329', '1998-04-30', '臺中市', '2024-07-08 09:52:02'),
(393, '林家豪', 'mail31243@test.com', '0918440656', '1994-10-10', '屏東縣', '2024-07-08 09:52:02'),
(394, '唐宇軒', 'mail46056@test.com', '0918935876', '1996-06-24', '屏東縣', '2024-07-08 09:52:02'),
(395, '張雅筑', 'mail67332@test.com', '0918502566', '1988-08-04', '桃園市', '2024-07-08 09:52:02'),
(396, '王宇軒', 'mail53307@test.com', '0918131848', '1991-05-08', '臺南市', '2024-07-08 09:52:02'),
(397, '馬怡君', 'mail72093@test.com', '0918420139', '1988-07-29', '臺北市', '2024-07-08 09:52:02'),
(398, '董冠霖', 'mail18219@test.com', '0918352994', '1994-09-19', '基隆市', '2024-07-08 09:52:02'),
(399, '曾柏翰', 'mail40629@test.com', '0918983755', '1992-06-25', '金門縣', '2024-07-08 09:52:02'),
(400, '韓佳穎', 'mail23748@test.com', '0918480675', '1989-08-14', '金門縣', '2024-07-08 09:52:02'),
(401, '林柏翰', 'mail28071@test.com', '0918367754', '1999-10-08', '連江縣', '2024-07-08 09:52:02'),
(402, '胡怡萱', 'mail96737@test.com', '0918950863', '1996-02-07', '金門縣', '2024-07-08 09:52:02'),
(403, '蕭詩涵', 'mail12797@test.com', '0918483346', '1989-08-17', '臺南市', '2024-07-08 09:52:02'),
(404, '王郁婷', 'mail80528@test.com', '0918978082', '1994-02-04', '臺北市', '2024-07-08 09:52:02'),
(405, '徐怡婷', 'mail53999@test.com', '0918716546', '1996-07-22', '南投縣', '2024-07-08 09:52:02'),
(406, '何宗翰', 'mail54688@test.com', '0918845149', '1994-09-15', '屏東縣', '2024-07-08 09:52:02'),
(407, '鄧鈺婷', 'mail71303@test.com', '0918981352', '1991-12-19', '桃園市', '2024-07-08 09:52:02'),
(408, '陳怡婷', 'mail24981@test.com', '0918532338', '1989-10-18', '新竹市', '2024-07-08 09:52:02'),
(409, '謝家豪', 'mail96329@test.com', '0918314414', '1998-09-14', '宜蘭縣', '2024-07-08 09:52:02'),
(410, '曾宗翰', 'mail43589@test.com', '0918128748', '1992-05-15', '連江縣', '2024-07-08 09:52:02'),
(411, '林怡婷', 'mail48927@test.com', '0918232772', '1987-11-21', '嘉義市', '2024-07-08 09:52:02'),
(412, '梁冠廷', 'mail49211@test.com', '0918821252', '1998-10-11', '連江縣', '2024-07-08 09:52:02'),
(413, '鄧承翰', 'mail49194@test.com', '0918737473', '1995-05-18', '金門縣', '2024-07-08 09:52:02'),
(414, '沈怡君', 'mail46695@test.com', '0918483904', '1987-05-23', '金門縣', '2024-07-08 09:52:02'),
(415, '劉怡萱', 'mail85276@test.com', '0918915898', '1986-06-08', '澎湖縣', '2024-07-08 09:52:02'),
(416, '曹雅婷', 'mail63900@test.com', '0918305980', '1989-06-18', '新竹市', '2024-07-08 09:52:02'),
(417, '郭雅婷', 'mail89826@test.com', '0918204594', '1993-05-29', '臺中市', '2024-07-08 09:52:02'),
(418, '陳家瑋', 'mail68400@test.com', '0918880484', '1990-05-04', '臺北市', '2024-07-08 09:52:02'),
(419, '董冠霖', 'mail99768@test.com', '0918881922', '1987-11-24', '屏東縣', '2024-07-08 09:52:02'),
(420, '馮家瑋', 'mail46941@test.com', '0918167602', '1995-11-16', '澎湖縣', '2024-07-08 09:52:02'),
(421, '趙鈺婷', 'mail18509@test.com', '0918231643', '1991-02-17', '臺東縣', '2024-07-08 09:52:02'),
(422, '張柏翰', 'mail51570@test.com', '0918877361', '1990-09-23', '基隆市', '2024-07-08 09:52:02'),
(423, '何家瑋', 'mail38435@test.com', '0918110272', '1996-05-09', '新北市', '2024-07-08 09:52:02'),
(424, '陳宗翰', 'mail31165@test.com', '0918279713', '1999-03-23', '臺北市', '2024-07-08 09:52:02'),
(425, '馬承翰', 'mail25341@test.com', '0918121792', '1989-12-18', '桃園市', '2024-07-08 09:52:02'),
(426, '蕭宗翰', 'mail79737@test.com', '0918209120', '1988-03-28', '苗栗縣', '2024-07-08 09:52:02'),
(427, '陳雅婷', 'mail39970@test.com', '0918845168', '1987-11-24', '臺中市', '2024-07-08 09:52:02'),
(428, '徐宜庭', 'mail71312@test.com', '0918525641', '1998-02-13', '臺北市', '2024-07-08 09:52:02'),
(429, '陳宜庭', 'mail35224@test.com', '0918289424', '1998-08-12', '嘉義縣', '2024-07-08 09:52:02'),
(430, '徐冠霖', 'mail64067@test.com', '0918223624', '1989-12-18', '高雄市', '2024-07-08 09:52:02'),
(431, '傅佳穎', 'mail15683@test.com', '0918610832', '1995-06-26', '臺中市', '2024-07-08 09:52:02'),
(432, '劉詩涵', 'mail91339@test.com', '0918360891', '1990-12-30', '屏東縣', '2024-07-08 09:52:02'),
(433, '陳家豪', 'mail74610@test.com', '0918144221', '1987-04-17', '高雄市', '2024-07-08 09:52:02'),
(434, '高怡萱', 'mail69750@test.com', '0918482323', '1994-10-27', '屏東縣', '2024-07-08 09:52:02'),
(435, '董鈺婷', 'mail37324@test.com', '0918342690', '1999-05-10', '新竹縣', '2024-07-08 09:52:02'),
(436, '許家豪', 'mail87140@test.com', '0918701541', '1985-06-17', '連江縣', '2024-07-08 09:52:02'),
(437, '鄧家瑋', 'mail45758@test.com', '0918444364', '1988-03-05', '金門縣', '2024-07-08 09:52:02'),
(438, '沈怡萱', 'mail23741@test.com', '0918171406', '1993-07-13', '基隆市', '2024-07-08 09:52:02'),
(439, '程冠廷', 'mail88367@test.com', '0918897579', '1989-02-09', '苗栗縣', '2024-07-08 09:52:02'),
(440, '胡怡婷', 'mail13117@test.com', '0918635369', '1991-06-08', '屏東縣', '2024-07-08 09:52:02'),
(441, '朱鈺婷', 'mail12426@test.com', '0918527893', '1995-05-12', '南投縣', '2024-07-08 09:52:02'),
(442, '呂怡君', 'mail62536@test.com', '0918831173', '1990-07-17', '新北市', '2024-07-08 09:52:02'),
(443, '彭鈺婷', 'mail44007@test.com', '0918148383', '1997-11-22', '嘉義市', '2024-07-08 09:52:02'),
(444, '王雅筑', 'mail43111@test.com', '0918492628', '1990-03-04', '新北市', '2024-07-08 09:52:02'),
(445, '黃怡婷', 'mail96356@test.com', '0918500345', '1990-11-06', '南投縣', '2024-07-08 09:52:02'),
(446, '謝宇軒', 'mail28328@test.com', '0918506537', '1990-05-15', '澎湖縣', '2024-07-08 09:52:02'),
(447, '呂怡婷', 'mail63938@test.com', '0918334483', '1986-02-26', '基隆市', '2024-07-08 09:52:02'),
(448, '沈宇軒', 'mail76427@test.com', '0918510110', '1987-11-20', '新竹市', '2024-07-08 09:52:02'),
(449, '梁怡君', 'mail18416@test.com', '0918284410', '1996-09-18', '宜蘭縣', '2024-07-08 09:52:02'),
(450, '徐彥廷', 'mail37408@test.com', '0918583392', '1990-07-12', '基隆市', '2024-07-08 09:52:02'),
(451, '曾怡萱', 'mail36248@test.com', '0918289389', '1999-12-26', '高雄市', '2024-07-08 09:52:02'),
(452, '宋宇軒', 'mail73960@test.com', '0918440908', '1990-12-27', '雲林縣', '2024-07-08 09:52:02'),
(453, '蕭宇軒', 'mail39938@test.com', '0918423527', '1986-06-02', '嘉義縣', '2024-07-08 09:52:02'),
(454, '呂冠廷', 'mail89173@test.com', '0918221834', '1997-10-07', '新竹縣', '2024-07-08 09:52:02'),
(455, '何郁婷', 'mail26029@test.com', '0918286650', '1994-09-08', '屏東縣', '2024-07-08 09:52:02'),
(456, '曹佳穎', 'mail95556@test.com', '0918217386', '1996-05-14', '新竹市', '2024-07-08 09:52:02'),
(457, '趙宇軒', 'mail22218@test.com', '0918854298', '1993-04-05', '新竹市', '2024-07-08 09:52:02'),
(458, '馬柏翰', 'mail99632@test.com', '0918675178', '1999-09-11', '彰化縣', '2024-07-08 09:52:02'),
(459, '馮家瑋', 'mail66730@test.com', '0918259248', '1989-06-24', '桃園市', '2024-07-08 09:52:02'),
(460, '羅怡君', 'mail39911@test.com', '0918444929', '1986-06-14', '基隆市', '2024-07-08 09:52:02'),
(461, '唐冠宇', 'mail26928@test.com', '0918459974', '1995-03-01', '南投縣', '2024-07-08 09:52:02'),
(462, '朱彥廷', 'mail54227@test.com', '0918722962', '1985-11-02', '苗栗縣', '2024-07-08 09:52:02'),
(463, '黃郁婷', 'mail66923@test.com', '0918507400', '1996-12-28', '屏東縣', '2024-07-08 09:52:02'),
(464, '劉鈺婷', 'mail25024@test.com', '0918428439', '1985-01-28', '連江縣', '2024-07-08 09:52:02'),
(465, '彭宜庭', 'mail85887@test.com', '0918341989', '1985-06-21', '苗栗縣', '2024-07-08 09:52:02'),
(466, '袁怡萱', 'mail56663@test.com', '0918975347', '1998-10-02', '嘉義市', '2024-07-08 09:52:02'),
(467, '徐雅筑', 'mail78006@test.com', '0918915015', '1997-04-06', '苗栗縣', '2024-07-08 09:52:02'),
(468, '李宜庭', 'mail11164@test.com', '0918938088', '1990-05-02', '雲林縣', '2024-07-08 09:52:02'),
(469, '程柏翰', 'mail48515@test.com', '0918643246', '1990-09-04', '臺北市', '2024-07-08 09:52:02'),
(470, '徐宇軒', 'mail55315@test.com', '0918932923', '1997-10-31', '新竹市', '2024-07-08 09:52:02'),
(471, '陳冠宇', 'mail24131@test.com', '0918148830', '1991-10-05', '連江縣', '2024-07-08 09:52:02'),
(472, '馮家豪', 'mail58138@test.com', '0918799700', '1987-03-30', '雲林縣', '2024-07-08 09:52:02'),
(473, '王宜庭', 'mail45925@test.com', '0918297518', '1992-08-28', '花蓮縣', '2024-07-08 09:52:02'),
(474, '袁鈺婷', 'mail31921@test.com', '0918114699', '1995-02-07', '連江縣', '2024-07-08 09:52:02'),
(475, '宋雅筑', 'mail40280@test.com', '0918569011', '1996-03-22', '屏東縣', '2024-07-08 09:52:02'),
(476, '鄭怡君', 'mail98049@test.com', '0918800792', '1994-03-23', '新北市', '2024-07-08 09:52:02'),
(477, '馬怡萱', 'mail90705@test.com', '0918241413', '1997-09-06', '花蓮縣', '2024-07-08 09:52:02'),
(478, '馬宗翰', 'mail41784@test.com', '0918203086', '1991-08-02', '連江縣', '2024-07-08 09:52:02'),
(479, '何宇軒', 'mail20998@test.com', '0918399156', '1996-07-18', '臺中市', '2024-07-08 09:52:02'),
(480, '劉承翰', 'mail69121@test.com', '0918924236', '1991-04-05', '澎湖縣', '2024-07-08 09:52:02'),
(481, '於冠宇', 'mail50256@test.com', '0918981530', '1988-11-27', '高雄市', '2024-07-08 09:52:02'),
(482, '於詩涵', 'mail78725@test.com', '0918247855', '1990-06-28', '花蓮縣', '2024-07-08 09:52:02'),
(483, '於冠廷', 'mail14089@test.com', '0918446523', '1987-07-31', '臺南市', '2024-07-08 09:52:02'),
(484, '何冠宇', 'mail60343@test.com', '0918900517', '1985-04-14', '屏東縣', '2024-07-08 09:52:02'),
(485, '楊怡萱', 'mail68957@test.com', '0918198845', '1998-12-19', '桃園市', '2024-07-08 09:52:02'),
(486, '張宗翰', 'mail97576@test.com', '0918353241', '1987-07-06', '臺中市', '2024-07-08 09:52:02'),
(487, '曹承翰', 'mail11106@test.com', '0918825488', '1997-03-28', '臺東縣', '2024-07-08 09:52:02'),
(488, '羅鈺婷', 'mail67815@test.com', '0918441942', '1990-12-02', '宜蘭縣', '2024-07-08 09:52:02'),
(489, '張佳穎', 'mail20870@test.com', '0918564124', '1999-02-21', '苗栗縣', '2024-07-08 09:52:02'),
(490, '沈承翰', 'mail62244@test.com', '0918459868', '1991-11-29', '澎湖縣', '2024-07-08 09:52:02'),
(491, '袁宇軒', 'mail20384@test.com', '0918198587', '1993-06-03', '臺南市', '2024-07-08 09:52:02'),
(492, '楊怡君', 'mail66296@test.com', '0918689969', '1985-08-11', '臺南市', '2024-07-08 09:52:02'),
(493, '郭怡婷', 'mail47825@test.com', '0918262134', '1995-02-24', '雲林縣', '2024-07-08 09:52:02'),
(494, '楊冠霖', 'mail65055@test.com', '0918246060', '1992-03-07', '臺北市', '2024-07-08 09:52:02'),
(495, '高怡萱', 'mail69199@test.com', '0918988080', '1988-11-17', '臺中市', '2024-07-08 09:52:02'),
(496, '徐家豪', 'mail21919@test.com', '0918480243', '1990-03-16', '嘉義縣', '2024-07-08 09:52:02'),
(497, '韓宇軒', 'mail75487@test.com', '0918467289', '1991-09-08', '彰化縣', '2024-07-08 09:52:02'),
(498, '孫郁婷', 'mail85567@test.com', '0918971873', '1995-11-12', '新竹縣', '2024-07-08 09:52:02'),
(499, '傅家瑋', 'mail54986@test.com', '0918501057', '1998-09-13', '新竹市', '2024-07-08 09:52:02'),
(500, '黃怡萱', 'mail38183@test.com', '0918179041', '1993-11-20', '雲林縣', '2024-07-08 09:52:02'),
(501, '孫承翰', 'mail99987@test.com', '0918875407', '1991-09-16', '屏東縣', '2024-07-08 09:52:02'),
(502, '張家豪', 'mail62449@test.com', '0918929679', '1989-06-26', '桃園市', '2024-07-08 09:52:02'),
(503, '彭宇軒', 'mail98377@test.com', '0918292702', '1995-02-13', '基隆市', '2024-07-08 09:52:02'),
(504, '曹佳穎', 'mail61437@test.com', '0918826658', '1987-10-06', '彰化縣', '2024-07-08 09:52:02'),
(505, '林冠宇', 'mail56343@test.com', '0918476733', '1986-07-25', '基隆市', '2024-07-08 09:52:02'),
(506, '呂鈺婷', 'mail40675@test.com', '0918302613', '1995-10-20', '苗栗縣', '2024-07-08 09:52:02'),
(507, '唐怡婷', 'mail10889@test.com', '0918204789', '1989-11-15', '連江縣', '2024-07-08 09:52:02'),
(508, '李雅筑', 'mail89452@test.com', '0918626728', '1992-08-26', '臺東縣', '2024-07-08 09:52:02'),
(509, '朱承翰', 'mail94891@test.com', '0918410541', '1991-03-20', '南投縣', '2024-07-08 09:52:02'),
(510, '高家瑋', 'mail73280@test.com', '0918173473', '1993-02-14', '新竹市', '2024-07-08 09:52:02'),
(511, '傅詩涵', 'mail19692@test.com', '0918723542', '1998-11-22', '新北市', '2024-07-08 09:52:02'),
(512, '朱家豪', 'mail37234@test.com', '0918592304', '1987-04-12', '新竹縣', '2024-07-08 09:52:02'),
(513, '馮家瑋', 'mail45923@test.com', '0918876762', '1988-01-31', '連江縣', '2024-07-08 09:52:02'),
(514, '羅冠霖', 'mail97477@test.com', '0918666980', '1988-05-21', '苗栗縣', '2024-07-08 09:52:02'),
(515, '韓冠霖', 'mail50420@test.com', '0918747064', '1992-10-23', '嘉義縣', '2024-07-08 09:52:02'),
(516, '董佳穎', 'mail99922@test.com', '0918301249', '1999-09-06', '苗栗縣', '2024-07-08 09:52:02'),
(517, '張雅筑', 'mail50682@test.com', '0918589991', '1995-04-27', '南投縣', '2024-07-08 09:52:02'),
(518, '朱怡婷', 'mail80221@test.com', '0918942458', '1993-03-07', '基隆市', '2024-07-08 09:52:02'),
(519, '周怡婷', 'mail24992@test.com', '0918320492', '1988-07-18', '嘉義市', '2024-07-08 09:52:02'),
(520, '趙冠霖', 'mail83085@test.com', '0918278256', '1994-07-21', '新北市', '2024-07-08 09:52:02'),
(521, '高承翰', 'mail31848@test.com', '0918185153', '1986-03-06', '臺中市', '2024-07-08 09:52:02'),
(522, '羅佳穎', 'mail44750@test.com', '0918596697', '1991-06-12', '基隆市', '2024-07-08 09:52:02'),
(523, '鄧冠霖', 'mail10954@test.com', '0918755061', '1992-05-12', '雲林縣', '2024-07-08 09:52:02'),
(524, '呂怡萱', 'mail53383@test.com', '0918992672', '1986-09-28', '連江縣', '2024-07-08 09:52:02'),
(525, '林詩涵', 'mail95291@test.com', '0918897648', '1991-01-22', '金門縣', '2024-07-08 09:52:02'),
(526, '鄭家瑋', 'mail78465@test.com', '0918773896', '1988-09-09', '新北市', '2024-07-08 09:52:02'),
(527, '宋怡萱', 'mail79326@test.com', '0918267578', '1997-11-09', '臺東縣', '2024-07-08 09:52:02'),
(528, '林佳穎', 'mail38392@test.com', '0918439413', '1985-01-06', '臺東縣', '2024-07-08 09:52:02'),
(529, '唐宜庭', 'mail27954@test.com', '0918594852', '1992-02-01', '嘉義縣', '2024-07-08 09:52:02'),
(530, '呂家瑋', 'mail64670@test.com', '0918322858', '1997-03-06', '金門縣', '2024-07-08 09:52:02'),
(531, '董怡婷', 'mail45649@test.com', '0918261550', '1997-10-31', '臺南市', '2024-07-08 09:52:02'),
(532, '周鈺婷', 'mail89561@test.com', '0918609981', '1991-07-09', '臺南市', '2024-07-08 09:52:02'),
(533, '程家豪', 'mail53439@test.com', '0918219495', '1988-12-28', '雲林縣', '2024-07-08 09:52:02'),
(534, '謝怡君', 'mail86838@test.com', '0918652593', '1992-12-15', '澎湖縣', '2024-07-08 09:52:02'),
(535, '林冠廷', 'mail33663@test.com', '0918538952', '1989-11-08', '嘉義縣', '2024-07-08 09:52:02'),
(536, '董宗翰', 'mail24918@test.com', '0918633441', '1994-09-15', '彰化縣', '2024-07-08 09:52:02'),
(537, '吳家瑋', 'mail71388@test.com', '0918110724', '1988-07-15', '苗栗縣', '2024-07-08 09:52:02'),
(538, '黃詩涵', 'mail39595@test.com', '0918533636', '1992-03-07', '南投縣', '2024-07-08 09:52:02'),
(539, '彭家瑋', 'mail37262@test.com', '0918456413', '1997-01-28', '新竹市', '2024-07-08 09:52:02'),
(540, '曾彥廷', 'mail20123@test.com', '0918849772', '1988-04-09', '基隆市', '2024-07-08 09:52:02'),
(541, '馮怡婷', 'mail13176@test.com', '0918709316', '1993-10-29', '嘉義市', '2024-07-08 09:52:02'),
(542, '於宜庭', 'mail84729@test.com', '0918782940', '1986-12-22', '澎湖縣', '2024-07-08 09:52:02'),
(543, '孫詩涵', 'mail97877@test.com', '0918862805', '1998-02-06', '臺中市', '2024-07-08 09:52:02');
INSERT INTO `address_book` (`ab_id`, `name`, `email`, `mobile`, `birthday`, `address`, `created_at`) VALUES
(544, '朱雅筑', 'mail19587@test.com', '0918724635', '1998-04-14', '屏東縣', '2024-07-08 09:52:02'),
(545, '張鈺婷', 'mail65590@test.com', '0918770004', '1991-05-01', '嘉義縣', '2024-07-08 09:52:02'),
(546, '馬彥廷', 'mail15360@test.com', '0918977653', '1996-09-10', '雲林縣', '2024-07-08 09:52:02'),
(547, '張宇軒', 'mail39017@test.com', '0918416613', '1995-09-14', '屏東縣', '2024-07-08 09:52:02'),
(548, '董怡萱', 'mail15585@test.com', '0918268143', '1993-01-27', '金門縣', '2024-07-08 09:52:02'),
(549, '張冠宇', 'mail36134@test.com', '0918730433', '1989-02-09', '桃園市', '2024-07-08 09:52:02'),
(550, '沈宇軒', 'mail55725@test.com', '0918160700', '1985-07-12', '連江縣', '2024-07-08 09:52:02'),
(551, '高冠宇', 'mail30020@test.com', '0918991736', '1989-12-26', '雲林縣', '2024-07-08 09:52:02'),
(552, '彭家瑋', 'mail67379@test.com', '0918349112', '1985-05-13', '宜蘭縣', '2024-07-08 09:52:02'),
(555, '吳宜庭', 'mail27238@test.com', '0918515040', '1999-02-06', '臺南市', '2024-07-08 09:52:02'),
(556, '曾家豪', 'mail76428@test.com', '0918973465', '1994-07-23', '彰化縣', '2024-07-08 09:52:02'),
(557, '朱鈺婷', 'mail46710@test.com', '0918793982', '1993-01-22', '花蓮縣', '2024-07-08 09:52:02'),
(558, '馮冠宇', 'mail34648@test.com', '0918211935', '1997-08-13', '臺南市', '2024-07-08 09:52:02'),
(559, '曹怡君', 'mail60741@test.com', '0918398823', '1999-12-25', '連江縣', '2024-07-08 09:52:02'),
(560, '徐冠廷', 'mail11545@test.com', '0918709005', '1987-10-15', '花蓮縣', '2024-07-08 09:52:02'),
(561, '周雅筑', 'mail38486@test.com', '0918485241', '1996-11-26', '臺北市', '2024-07-08 09:52:02'),
(562, '楊詩涵', 'mail39381@test.com', '0918922250', '1990-03-21', '雲林縣', '2024-07-08 09:52:02'),
(563, '馮承翰', 'mail49347@test.com', '0918988514', '1998-12-02', '嘉義縣', '2024-07-08 09:52:02'),
(564, '郭冠廷', 'mail39206@test.com', '0918330788', '1999-12-09', '嘉義市', '2024-07-08 09:52:02'),
(565, '陳鈺婷', 'mail97336@test.com', '0918690383', '1987-10-28', '高雄市', '2024-07-08 09:52:02'),
(566, '吳家瑋', 'mail72487@test.com', '0918754188', '1997-09-05', '宜蘭縣', '2024-07-08 09:52:02'),
(569, '王承翰', 'mail60018@test.com', '0918435762', '1998-11-05', '嘉義縣', '2024-07-08 09:52:02'),
(570, '劉柏翰', 'mail54914@test.com', '0918358047', '1995-07-18', '苗栗縣', '2024-07-08 09:52:02'),
(577, '朱雅婷', 'mail20602@test.com', '0918996952', '1997-12-06', '雲林縣', '2024-07-08 09:52:02'),
(578, '鄧怡君', 'mail91013@test.com', '0918891485', '1993-07-26', '新竹市', '2024-07-08 09:52:02'),
(579, '馮怡君', 'mail29087@test.com', '0918932964', '1996-01-13', '苗栗縣', '2024-07-08 09:52:02'),
(580, '馮怡萱', 'mail68398@test.com', '0918721994', '1999-10-03', '屏東縣', '2024-07-08 09:52:02'),
(581, '蕭鈺婷', 'mail76434@test.com', '0918987257', '1990-03-07', '桃園市', '2024-07-08 09:52:02'),
(582, '楊鈺婷', 'mail19712@test.com', '0918384973', '1998-03-15', '苗栗縣', '2024-07-08 09:52:02'),
(583, '袁宇軒', 'mail93456@test.com', '0918707342', '1995-03-14', '高雄市', '2024-07-08 09:52:02'),
(584, '宋家瑋', 'mail22874@test.com', '0918511421', '1995-05-05', '嘉義市', '2024-07-08 09:52:02'),
(585, '周冠廷', 'mail28672@test.com', '0918302166', '1995-04-23', '臺中市', '2024-07-08 09:52:02'),
(586, '蕭承翰', 'mail21495@test.com', '0918816974', '1996-06-07', '新北市', '2024-07-08 09:52:02'),
(587, '何冠宇', 'mail80154@test.com', '0918726335', '1998-04-05', '苗栗縣', '2024-07-08 09:52:02'),
(588, '馮家豪', 'mail49611@test.com', '0918413980', '1993-09-12', '南投縣', '2024-07-08 09:52:02'),
(589, '董怡萱', 'mail72886@test.com', '0918710313', '1994-08-30', '新竹市', '2024-07-08 09:52:02'),
(590, '許宜庭', 'mail68549@test.com', '0918681233', '1998-12-13', '臺北市', '2024-07-08 09:52:02'),
(592, '楊怡君', 'mail16603@test.com', '0918969197', '1998-08-07', '花蓮縣', '2024-07-08 09:52:02'),
(593, '王雅筑', 'mail89149@test.com', '0918206456', '1992-09-01', '臺北市', '2024-07-08 09:52:02'),
(595, '王承翰', 'mail10325@test.com', '0918176687', '1997-04-20', '高雄市', '2024-07-08 09:52:02'),
(596, '趙怡萱', 'mail24008@test.com', '0918369488', '1986-08-18', '嘉義縣', '2024-07-08 09:52:02'),
(597, '張詩涵', 'mail93409@test.com', '0918225627', '1990-02-11', '桃園市', '2024-07-08 09:52:02'),
(599, '袁彥廷', 'mail74040@test.com', '0918526358', '1985-09-01', '臺南市', '2024-07-08 09:52:02'),
(600, '彭柏翰', 'mail97108@test.com', '0918704584', '1999-06-01', '南投縣', '2024-07-08 09:52:02'),
(601, '宋宗翰', 'mail69697@test.com', '0918449807', '1989-08-16', '臺北市', '2024-07-08 09:52:02'),
(602, '韓宗翰', 'mail52707@test.com', '0918600987', '1996-03-21', '苗栗縣', '2024-07-08 09:52:02'),
(603, '於鈺婷', 'mail87284@test.com', '0918208990', '1991-02-14', '雲林縣', '2024-07-08 09:52:02'),
(604, '宋宇軒', 'mail38561@test.com', '0918724063', '1992-02-12', '嘉義市', '2024-07-08 09:52:02'),
(605, '趙宗翰', 'mail40916@test.com', '0918274948', '1998-12-05', '臺北市', '2024-07-08 09:52:02'),
(606, '李怡君', 'mail29258@test.com', '0918107853', '1990-06-02', '臺中市', '2024-07-08 09:52:02'),
(607, '彭冠廷', 'mail38428@test.com', '0918167446', '1990-11-17', '連江縣', '2024-07-08 09:52:02'),
(608, '曾家瑋', 'mail65574@test.com', '0918599143', '1996-11-10', '宜蘭縣', '2024-07-08 09:52:02'),
(609, '李宜庭', 'mail97088@test.com', '0918482159', '1999-11-22', '金門縣', '2024-07-08 09:52:02'),
(610, '張佳穎', 'mail94295@test.com', '0918643656', '1995-12-10', '南投縣', '2024-07-08 09:52:02'),
(611, '朱宜庭', 'mail67854@test.com', '0918935719', '1987-03-02', '連江縣', '2024-07-08 09:52:02'),
(612, '朱冠霖', 'mail70394@test.com', '0918632590', '1988-07-04', '基隆市', '2024-07-08 09:52:02'),
(613, '吳柏翰', 'mail91661@test.com', '0918489963', '1988-05-31', '基隆市', '2024-07-08 09:52:02'),
(614, '胡佳穎', 'mail67938@test.com', '0918805726', '1988-02-26', '基隆市', '2024-07-08 09:52:02'),
(615, '曹柏翰', 'mail14707@test.com', '0918340404', '1996-12-20', '宜蘭縣', '2024-07-08 09:52:02'),
(616, '鄭冠霖', 'mail11061@test.com', '0918825676', '1991-04-12', '連江縣', '2024-07-08 09:52:02'),
(617, '李冠廷', 'mail77248@test.com', '0918322558', '1998-10-22', '新竹市', '2024-07-08 09:52:02'),
(618, '李家瑋', 'mail53885@test.com', '0918860569', '1993-08-23', '臺北市', '2024-07-08 09:52:02'),
(619, '高雅筑', 'mail27044@test.com', '0918953503', '1988-11-03', '臺南市', '2024-07-08 09:52:02'),
(620, '沈怡君', 'mail67392@test.com', '0918117346', '1985-07-12', '屏東縣', '2024-07-08 09:52:02'),
(621, '曾承翰', 'mail90452@test.com', '0918429472', '1997-12-16', '臺北市', '2024-07-08 09:52:02'),
(623, '許郁婷', 'mail45982@test.com', '0918940092', '1988-05-19', '嘉義縣', '2024-07-08 09:52:02'),
(624, '沈承翰', 'mail87872@test.com', '0918121397', '1997-12-07', '新竹縣', '2024-07-08 09:52:02'),
(625, '董詩涵', 'mail91512@test.com', '0918908903', '1985-10-07', '金門縣', '2024-07-08 09:52:02'),
(626, '梁承翰', 'mail29221@test.com', '0918287961', '1991-11-11', '屏東縣', '2024-07-08 09:52:02'),
(627, '張鈺婷', 'mail52964@test.com', '0918772331', '1994-03-14', '基隆市', '2024-07-08 09:52:02'),
(628, '謝鈺婷', 'mail69524@test.com', '0918161385', '1993-01-14', '雲林縣', '2024-07-08 09:52:02'),
(629, '馬宇軒', 'mail46006@test.com', '0918402561', '1993-09-27', '臺中市', '2024-07-08 09:52:02'),
(630, '吳冠宇', 'mail53347@test.com', '0918383685', '1990-12-22', '高雄市', '2024-07-08 09:52:02'),
(631, '唐雅婷', 'mail74619@test.com', '0918396180', '1986-08-04', '基隆市', '2024-07-08 09:52:02'),
(632, '宋怡婷', 'mail63357@test.com', '0918399286', '1999-02-17', '屏東縣', '2024-07-08 09:52:02'),
(633, '鄭怡君', 'mail62562@test.com', '0918487245', '1998-06-30', '臺東縣', '2024-07-08 09:52:02'),
(634, '何柏翰', 'mail64717@test.com', '0918579085', '1999-06-02', '苗栗縣', '2024-07-08 09:52:02'),
(635, '胡宜庭', 'mail13820@test.com', '0918700180', '1993-11-29', '臺北市', '2024-07-08 09:52:02'),
(636, '沈怡婷', 'mail44069@test.com', '0918512573', '1999-03-19', '嘉義縣', '2024-07-08 09:52:02'),
(637, '鄭柏翰', 'mail63137@test.com', '0918836265', '1990-10-21', '苗栗縣', '2024-07-08 09:52:02'),
(638, '梁宇軒', 'mail94532@test.com', '0918482882', '1990-08-30', '雲林縣', '2024-07-08 09:52:02'),
(639, '董宗翰', 'mail26376@test.com', '0918898303', '1993-06-08', '彰化縣', '2024-07-08 09:52:02'),
(640, '張宜庭', 'mail48651@test.com', '0918234536', '1988-02-17', '桃園市', '2024-07-08 09:52:02'),
(641, '林宜庭', 'mail16719@test.com', '0918586487', '1998-12-22', '臺中市', '2024-07-08 09:52:02'),
(642, '張宇軒', 'mail51073@test.com', '0918746254', '1985-11-16', '花蓮縣', '2024-07-08 09:52:02'),
(643, '梁宇軒', 'mail98953@test.com', '0918891020', '1999-08-01', '臺南市', '2024-07-08 09:52:02'),
(644, '唐怡婷', 'mail42709@test.com', '0918428094', '1999-09-04', '連江縣', '2024-07-08 09:52:02'),
(645, '胡家豪', 'mail30024@test.com', '0918895401', '1989-01-10', '雲林縣', '2024-07-08 09:52:02'),
(646, '徐柏翰', 'mail30625@test.com', '0918354602', '1993-11-05', '臺北市', '2024-07-08 09:52:02'),
(647, '程怡君', 'mail60074@test.com', '0918280433', '1999-05-20', '臺北市', '2024-07-08 09:52:02'),
(648, '趙詩涵', 'mail25722@test.com', '0918403892', '1994-01-29', '基隆市', '2024-07-08 09:52:02'),
(649, '梁冠廷', 'mail52160@test.com', '0918653692', '1992-03-08', '澎湖縣', '2024-07-08 09:52:02'),
(650, '孫彥廷', 'mail37782@test.com', '0918782634', '1992-01-03', '新竹縣', '2024-07-08 09:52:02'),
(651, '馮怡君', 'mail34317@test.com', '0918110374', '1989-08-30', '高雄市', '2024-07-08 09:52:02'),
(652, '程柏翰', 'mail50023@test.com', '0918815536', '1991-10-27', '新竹市', '2024-07-08 09:52:02'),
(653, '馮怡婷', 'mail78143@test.com', '0918172523', '1996-07-26', '新北市', '2024-07-08 09:52:02'),
(654, '郭詩涵', 'mail73980@test.com', '0918221722', '1999-01-16', '高雄市', '2024-07-08 09:52:02'),
(655, '羅鈺婷', 'mail23373@test.com', '0918306889', '1990-06-22', '屏東縣', '2024-07-08 09:52:02'),
(656, '袁冠廷', 'mail41514@test.com', '0918651395', '1996-09-02', '臺中市', '2024-07-08 09:52:02'),
(657, '馮彥廷', 'mail68665@test.com', '0918160062', '1988-09-16', '屏東縣', '2024-07-08 09:52:02'),
(658, '周宇軒', 'mail86009@test.com', '0918891476', '1999-05-18', '臺南市', '2024-07-08 09:52:02'),
(659, '宋彥廷', 'mail86974@test.com', '0918935103', '1985-03-16', '臺中市', '2024-07-08 09:52:02'),
(660, '彭怡婷', 'mail52444@test.com', '0918214977', '1997-09-11', '高雄市', '2024-07-08 09:52:02'),
(661, '韓怡萱', 'mail64342@test.com', '0918864231', '1987-01-23', '桃園市', '2024-07-08 09:52:02'),
(662, '何雅筑', 'mail65935@test.com', '0918154485', '1993-04-06', '新北市', '2024-07-08 09:52:02'),
(663, '何宜庭', 'mail17400@test.com', '0918150382', '1996-05-30', '臺東縣', '2024-07-08 09:52:02'),
(664, '黃承翰', 'mail11954@test.com', '0918103697', '1996-12-08', '南投縣', '2024-07-08 09:52:02'),
(665, '曹柏翰', 'mail68653@test.com', '0918162499', '1990-07-22', '花蓮縣', '2024-07-08 09:52:02'),
(666, '傅冠宇', 'mail67763@test.com', '0918138155', '1992-05-01', '臺南市', '2024-07-08 09:52:02'),
(667, '鄭承翰', 'mail46758@test.com', '0918860684', '1988-04-08', '新北市', '2024-07-08 09:52:02'),
(668, '許郁婷', 'mail13788@test.com', '0918488297', '1993-04-23', '苗栗縣', '2024-07-08 09:52:02'),
(669, '張怡萱', 'mail40242@test.com', '0918984270', '1994-08-23', '臺中市', '2024-07-08 09:52:02'),
(670, '傅怡萱', 'mail53314@test.com', '0918739254', '1994-07-18', '桃園市', '2024-07-08 09:52:02'),
(671, '謝宇軒', 'mail32500@test.com', '0918121399', '1990-10-13', '新竹市', '2024-07-08 09:52:02'),
(672, '郭怡婷', 'mail40672@test.com', '0918796686', '1988-07-10', '新竹市', '2024-07-08 09:52:02'),
(673, '胡詩涵', 'mail83181@test.com', '0918253007', '1985-02-21', '桃園市', '2024-07-08 09:52:02'),
(674, '袁家豪', 'mail59710@test.com', '0918390253', '1989-07-31', '臺南市', '2024-07-08 09:52:02'),
(675, '韓詩涵', 'mail89926@test.com', '0918725744', '1998-07-27', '臺南市', '2024-07-08 09:52:02'),
(676, '馮冠廷', 'mail66054@test.com', '0918885315', '1991-02-07', '苗栗縣', '2024-07-08 09:52:02'),
(677, '何雅筑', 'mail49395@test.com', '0918661771', '1992-08-31', '高雄市', '2024-07-08 09:52:02'),
(678, '高家瑋', 'mail69914@test.com', '0918874096', '1996-12-07', '新竹縣', '2024-07-08 09:52:02'),
(679, '林郁婷', 'mail42384@test.com', '0918714021', '1995-01-11', '花蓮縣', '2024-07-08 09:52:02'),
(680, '高怡萱', 'mail77276@test.com', '0918867840', '1998-06-13', '花蓮縣', '2024-07-08 09:52:02'),
(681, '何冠廷', 'mail44168@test.com', '0918709109', '1994-07-28', '彰化縣', '2024-07-08 09:52:02'),
(682, '曾家豪', 'mail30603@test.com', '0918700498', '1988-08-02', '金門縣', '2024-07-08 09:52:02'),
(683, '何冠霖', 'mail52766@test.com', '0918882349', '1986-12-08', '嘉義縣', '2024-07-08 09:52:02'),
(684, '唐怡萱', 'mail98897@test.com', '0918673010', '1987-02-27', '新竹縣', '2024-07-08 09:52:02'),
(685, '楊雅婷', 'mail29388@test.com', '0918939841', '1985-01-17', '連江縣', '2024-07-08 09:52:02'),
(686, '唐宗翰', 'mail34415@test.com', '0918301127', '1995-04-09', '花蓮縣', '2024-07-08 09:52:02'),
(687, '趙彥廷', 'mail45889@test.com', '0918743194', '1997-06-22', '新北市', '2024-07-08 09:52:02'),
(688, '何宜庭', 'mail72431@test.com', '0918495361', '1986-08-30', '新竹縣', '2024-07-08 09:52:02'),
(689, '呂宜庭', 'mail51915@test.com', '0918815487', '1992-10-08', '彰化縣', '2024-07-08 09:52:02'),
(690, '程怡君', 'mail72425@test.com', '0918704433', '1992-09-06', '澎湖縣', '2024-07-08 09:52:02'),
(691, '王承翰', 'mail82430@test.com', '0918737123', '1990-12-11', '屏東縣', '2024-07-08 09:52:02'),
(692, '袁怡君', 'mail87915@test.com', '0918152850', '1985-01-03', '澎湖縣', '2024-07-08 09:52:02'),
(693, '馮冠廷', 'mail98168@test.com', '0918689808', '1996-07-17', '新竹市', '2024-07-08 09:52:02'),
(694, '程承翰', 'mail84380@test.com', '0918546160', '1989-02-14', '南投縣', '2024-07-08 09:52:02'),
(695, '胡雅婷', 'mail74377@test.com', '0918300867', '1985-03-30', '連江縣', '2024-07-08 09:52:02'),
(696, '徐怡君', 'mail70538@test.com', '0918117593', '1999-12-04', '臺中市', '2024-07-08 09:52:02'),
(697, '何雅婷', 'mail75287@test.com', '0918916804', '1996-10-19', '金門縣', '2024-07-08 09:52:02'),
(698, '許宗翰', 'mail64139@test.com', '0918328574', '1986-04-28', '南投縣', '2024-07-08 09:52:02'),
(699, '徐宇軒', 'mail25387@test.com', '0918220195', '1993-01-11', '雲林縣', '2024-07-08 09:52:02'),
(700, '張冠廷', 'mail65021@test.com', '0918246501', '1998-07-28', '臺中市', '2024-07-08 09:52:02'),
(701, '宋冠宇', 'mail82565@test.com', '0918860058', '1996-06-11', '臺北市', '2024-07-08 09:52:02'),
(702, '宋宜庭', 'mail64064@test.com', '0918306048', '1986-03-16', '彰化縣', '2024-07-08 09:52:02'),
(703, '唐柏翰', 'mail47448@test.com', '0918498651', '1986-01-22', '新竹市', '2024-07-08 09:52:02'),
(704, '彭冠廷', 'mail55360@test.com', '0918353279', '1987-03-28', '基隆市', '2024-07-08 09:52:02'),
(705, '王宗翰', 'mail11687@test.com', '0918924703', '1996-03-27', '新竹縣', '2024-07-08 09:52:02'),
(706, '宋彥廷', 'mail73498@test.com', '0918540259', '1997-04-17', '屏東縣', '2024-07-08 09:52:02'),
(707, '楊家豪', 'mail35668@test.com', '0918469769', '1992-10-05', '嘉義市', '2024-07-08 09:52:02'),
(708, '蕭宜庭', 'mail37636@test.com', '0918177557', '1993-11-10', '金門縣', '2024-07-08 09:52:02'),
(709, '孫家豪', 'mail83684@test.com', '0918696741', '1996-07-15', '基隆市', '2024-07-08 09:52:02'),
(710, '唐佳穎', 'mail79879@test.com', '0918564654', '1994-09-24', '金門縣', '2024-07-08 09:52:02'),
(712, '彭怡婷', 'mail46162@test.com', '0918346798', '1985-05-22', '臺南市', '2024-07-08 09:52:02'),
(713, '韓宜庭', 'mail90067@test.com', '0918997379', '1997-04-12', '嘉義縣', '2024-07-08 09:52:02'),
(714, '徐怡君', 'mail69240@test.com', '0918442378', '1992-09-13', '高雄市', '2024-07-08 09:52:02'),
(715, '蕭郁婷', 'mail76301@test.com', '0918459763', '1991-04-08', '臺南市', '2024-07-08 09:52:02'),
(716, '朱佳穎', 'mail18732@test.com', '0918758235', '1990-02-01', '彰化縣', '2024-07-08 09:52:02'),
(717, '謝冠廷', 'mail52308@test.com', '0918840748', '1993-12-02', '新竹縣', '2024-07-08 09:52:02'),
(718, '林怡君', 'mail86257@test.com', '0918406155', '1993-11-22', '嘉義縣', '2024-07-08 09:52:02'),
(720, '何承翰', 'mail70056@test.com', '0918676832', '1988-10-05', '新竹縣', '2024-07-08 09:52:02'),
(721, '呂雅婷', 'mail65574@test.com', '0918241852', '1992-02-18', '基隆市', '2024-07-08 09:52:02'),
(726, '楊怡君', 'mail73096@test.com', '0918509785', '1985-08-29', '花蓮縣', '2024-07-08 09:52:02'),
(727, '高冠霖', 'mail62154@test.com', '0918740924', '1990-08-04', '新北市', '2024-07-08 09:52:02'),
(728, '鄭怡萱', 'mail76370@test.com', '0918491738', '1988-06-03', '屏東縣', '2024-07-08 09:52:02'),
(729, '劉怡君', 'mail63491@test.com', '0918451177', '1989-11-30', '高雄市', '2024-07-08 09:52:02'),
(730, '傅彥廷', 'mail31692@test.com', '0918710907', '1999-04-10', '臺北市', '2024-07-08 09:52:02'),
(731, '趙承翰', 'mail18254@test.com', '0918887208', '1989-01-22', '桃園市', '2024-07-08 09:52:02'),
(732, '張郁婷', 'mail39857@test.com', '0918114345', '1987-12-25', '臺北市', '2024-07-08 09:52:02'),
(733, '程柏翰', 'mail94643@test.com', '0918925650', '1987-08-12', '金門縣', '2024-07-08 09:52:02'),
(734, '鄧彥廷', 'mail18695@test.com', '0918347779', '1989-07-06', '屏東縣', '2024-07-08 09:52:02'),
(735, '何彥廷', 'mail84237@test.com', '0918340978', '1992-08-25', '雲林縣', '2024-07-08 09:52:02'),
(736, '曾承翰', 'mail84788@test.com', '0918915583', '1996-04-11', '苗栗縣', '2024-07-08 09:52:02'),
(737, '馮宇軒', 'mail13905@test.com', '0918377401', '1999-12-10', '臺東縣', '2024-07-08 09:52:02'),
(738, '彭怡君', 'mail28210@test.com', '0918741239', '1986-03-26', '苗栗縣', '2024-07-08 09:52:02'),
(739, '徐宜庭', 'mail70934@test.com', '0918878709', '1993-05-16', '花蓮縣', '2024-07-08 09:52:02'),
(740, '許鈺婷', 'mail46118@test.com', '0918499221', '1994-02-20', '高雄市', '2024-07-08 09:52:02'),
(741, '張佳穎', 'mail58264@test.com', '0918727496', '1987-06-04', '南投縣', '2024-07-08 09:52:02'),
(742, '程家瑋', 'mail41531@test.com', '0918604435', '1998-12-31', '宜蘭縣', '2024-07-08 09:52:02'),
(743, '郭宗翰', 'mail20357@test.com', '0918992355', '1999-04-05', '彰化縣', '2024-07-08 09:52:02'),
(744, '郭宜庭', 'mail16763@test.com', '0918409475', '1986-05-04', '宜蘭縣', '2024-07-08 09:52:02'),
(745, '張彥廷', 'mail97185@test.com', '0918311102', '1985-06-21', '南投縣', '2024-07-08 09:52:02'),
(746, '楊鈺婷', 'mail53576@test.com', '0918168253', '1993-09-15', '苗栗縣', '2024-07-08 09:52:02'),
(747, '於怡婷', 'mail81041@test.com', '0918837027', '1998-07-16', '臺北市', '2024-07-08 09:52:02'),
(748, '曾宜庭', 'mail29957@test.com', '0918701789', '1993-07-05', '宜蘭縣', '2024-07-08 09:52:02'),
(749, '傅宇軒', 'mail27126@test.com', '0918187734', '1998-08-21', '嘉義縣', '2024-07-08 09:52:02'),
(750, '袁佳穎', 'mail50673@test.com', '0918928945', '1998-12-03', '花蓮縣', '2024-07-08 09:52:02'),
(751, '馮彥廷', 'mail60048@test.com', '0918101105', '1998-01-01', '嘉義市', '2024-07-08 09:52:02'),
(752, '劉冠宇', 'mail29868@test.com', '0918715288', '1995-08-01', '苗栗縣', '2024-07-08 09:52:02'),
(753, '呂冠廷', 'mail81027@test.com', '0918875866', '1998-01-07', '桃園市', '2024-07-08 09:52:02'),
(754, '唐郁婷', 'mail37208@test.com', '0918617662', '1989-03-10', '嘉義縣', '2024-07-08 09:52:02'),
(755, '鄧怡婷', 'mail78549@test.com', '0918110859', '1991-04-30', '嘉義縣', '2024-07-08 09:52:02'),
(756, '陳怡君', 'mail40708@test.com', '0918321490', '1985-02-24', '屏東縣', '2024-07-08 09:52:02'),
(757, '徐怡婷', 'mail15858@test.com', '0918703500', '1999-07-16', '彰化縣', '2024-07-08 09:52:02'),
(758, '何鈺婷', 'mail55719@test.com', '0918576989', '1988-08-14', '臺北市', '2024-07-08 09:52:02'),
(759, '趙鈺婷', 'mail17291@test.com', '0918542717', '1989-08-21', '基隆市', '2024-07-08 09:52:02'),
(760, '朱冠霖', 'mail85711@test.com', '0918896476', '1985-07-15', '金門縣', '2024-07-08 09:52:02'),
(761, '曹詩涵', 'mail81215@test.com', '0918248604', '1995-08-15', '臺東縣', '2024-07-08 09:52:02'),
(762, '孫詩涵', 'mail82692@test.com', '0918570262', '1996-06-04', '彰化縣', '2024-07-08 09:52:02'),
(763, '陳佳穎', 'mail30985@test.com', '0918632119', '1996-03-21', '澎湖縣', '2024-07-08 09:52:02'),
(764, '何郁婷', 'mail62582@test.com', '0918535710', '1985-09-19', '臺中市', '2024-07-08 09:52:02'),
(765, '羅宜庭', 'mail29285@test.com', '0918436160', '1997-03-27', '南投縣', '2024-07-08 09:52:02'),
(766, '彭冠廷', 'mail47980@test.com', '0918360556', '1990-03-22', '新北市', '2024-07-08 09:52:02'),
(767, '鄧雅婷', 'mail69849@test.com', '0918987378', '1990-03-22', '雲林縣', '2024-07-08 09:52:02'),
(768, '於宗翰', 'mail33332@test.com', '0918808108', '1990-05-06', '花蓮縣', '2024-07-08 09:52:02'),
(769, '王郁婷', 'mail63164@test.com', '0918240497', '1986-10-21', '新北市', '2024-07-08 09:52:02'),
(770, '傅雅筑', 'mail41462@test.com', '0918655932', '1997-12-20', '屏東縣', '2024-07-08 09:52:02'),
(772, '宋怡婷', 'mail75842@test.com', '0918321146', '1998-03-18', '桃園市', '2024-07-08 09:52:02'),
(776, '曹柏翰', 'mail80030@test.com', '0918875725', '1985-01-19', '基隆市', '2024-07-08 09:52:02'),
(777, '趙雅筑', 'mail18975@test.com', '0918406569', '1995-07-05', '嘉義縣', '2024-07-08 09:52:02'),
(778, '張怡萱', 'mail66196@test.com', '0918511107', '1997-09-30', '臺東縣', '2024-07-08 09:52:02'),
(779, '黃彥廷', 'mail61470@test.com', '0918987981', '1995-04-08', '新竹縣', '2024-07-08 09:52:02'),
(780, '郭郁婷', 'mail43238@test.com', '0918640898', '1996-10-12', '基隆市', '2024-07-08 09:52:02'),
(781, '王怡婷', 'mail93585@test.com', '0918808312', '1987-01-26', '臺南市', '2024-07-08 09:52:02'),
(782, '陳家豪', 'mail49966@test.com', '0918244187', '1991-12-02', '彰化縣', '2024-07-08 09:52:02'),
(783, '趙鈺婷', 'mail21368@test.com', '0918406905', '1985-03-26', '新北市', '2024-07-08 09:52:02'),
(784, '徐家瑋', 'mail15119@test.com', '0918144637', '1991-01-25', '臺中市', '2024-07-08 09:52:02'),
(785, '羅冠宇', 'mail10825@test.com', '0918804113', '1995-01-03', '基隆市', '2024-07-08 09:52:02'),
(787, '韓承翰', 'mail35353@test.com', '0918285113', '1985-02-26', '連江縣', '2024-07-08 09:52:02'),
(788, '馬冠霖', 'mail93202@test.com', '0918263471', '1990-08-14', '臺北市', '2024-07-08 09:52:02'),
(789, '朱家豪', 'mail29997@test.com', '0918721294', '1995-05-28', '臺東縣', '2024-07-08 09:52:02'),
(790, '徐柏翰', 'mail96544@test.com', '0918998842', '1992-04-29', '新竹市', '2024-07-08 09:52:02'),
(791, '馬承翰', 'mail71500@test.com', '0918554593', '1988-08-19', '澎湖縣', '2024-07-08 09:52:02'),
(792, '許宗翰', 'mail42060@test.com', '0918427342', '1994-08-09', '金門縣', '2024-07-08 09:52:02'),
(793, '何冠廷', 'mail78037@test.com', '0918399632', '1993-07-13', '臺中市', '2024-07-08 09:52:02'),
(794, '沈冠霖', 'mail45921@test.com', '0918940913', '1996-03-19', '高雄市', '2024-07-08 09:52:02'),
(795, '林怡婷', 'mail38970@test.com', '0918544340', '1985-11-20', '新北市', '2024-07-08 09:52:02'),
(796, '曾家瑋', 'mail42211@test.com', '0918844019', '1999-11-21', '花蓮縣', '2024-07-08 09:52:02'),
(797, '梁郁婷', 'mail14559@test.com', '0918927546', '1996-08-12', '臺北市', '2024-07-08 09:52:02'),
(798, '趙宜庭', 'mail39498@test.com', '0918485097', '1986-12-29', '連江縣', '2024-07-08 09:52:02'),
(799, '林冠霖', 'mail90887@test.com', '0918654986', '1997-08-03', '新竹縣', '2024-07-08 09:52:02'),
(800, '李宇軒', 'mail30814@test.com', '0918768464', '1991-01-31', '屏東縣', '2024-07-08 09:52:02'),
(801, '楊宜庭', 'mail85725@test.com', '0918424732', '1985-11-29', '新竹市', '2024-07-08 09:52:02'),
(802, '彭家豪', 'mail50729@test.com', '0918635744', '1994-11-13', '臺東縣', '2024-07-08 09:52:02'),
(803, '許冠霖', 'mail40450@test.com', '0918880322', '1991-10-13', '新北市', '2024-07-08 09:52:02'),
(804, '朱雅筑', 'mail53060@test.com', '0918344020', '1986-06-26', '嘉義市', '2024-07-08 09:52:02'),
(805, '程宗翰', 'mail15580@test.com', '0918300076', '1987-01-31', '宜蘭縣', '2024-07-08 09:52:02'),
(806, '陳宜庭', 'mail36396@test.com', '0918302069', '1990-05-21', '屏東縣', '2024-07-08 09:52:02'),
(808, '鄧柏翰', 'mail55772@test.com', '0918817677', '1988-09-08', '彰化縣', '2024-07-08 09:52:02'),
(809, '沈鈺婷', 'mail18732@test.com', '0918293008', '1985-10-22', '連江縣', '2024-07-08 09:52:02'),
(817, '張郁婷', 'mail38219@test.com', '0918997926', '1994-12-19', '臺南市', '2024-07-08 09:52:02'),
(818, '周怡婷', 'mail91948@test.com', '0918664431', '1988-10-03', '澎湖縣', '2024-07-08 09:52:02'),
(819, '胡郁婷', 'mail45603@test.com', '0918402849', '1995-12-01', '連江縣', '2024-07-08 09:52:02'),
(820, '唐彥廷', 'mail74862@test.com', '0918106180', '1994-02-19', '臺南市', '2024-07-08 09:52:02'),
(821, '羅宜庭', 'mail93514@test.com', '0918878386', '1993-01-17', '屏東縣', '2024-07-08 09:52:02'),
(822, '吳郁婷', 'mail22944@test.com', '0918157685', '1991-04-10', '苗栗縣', '2024-07-08 09:52:02'),
(823, '吳承翰', 'mail53379@test.com', '0918403820', '1988-09-08', '新竹市', '2024-07-08 09:52:02'),
(824, '徐柏翰', 'mail89910@test.com', '0918189574', '1993-03-16', '澎湖縣', '2024-07-08 09:52:02'),
(825, '謝雅筑', 'mail83622@test.com', '0918300329', '1999-02-01', '臺中市', '2024-07-08 09:52:02'),
(826, '孫佳穎', 'mail14269@test.com', '0918199946', '1992-02-14', '南投縣', '2024-07-08 09:52:02'),
(827, '胡家豪', 'mail99535@test.com', '0918745530', '1996-05-26', '新北市', '2024-07-08 09:52:02'),
(828, '沈柏翰', 'mail28649@test.com', '0918103481', '1986-05-13', '高雄市', '2024-07-08 09:52:02'),
(829, '程雅筑', 'mail63641@test.com', '0918401068', '1987-07-20', '臺南市', '2024-07-08 09:52:02'),
(830, '吳冠宇', 'mail28267@test.com', '0918742618', '1997-06-11', '金門縣', '2024-07-08 09:52:02'),
(831, '袁宜庭', 'mail91367@test.com', '0918288585', '1993-09-30', '新竹縣', '2024-07-08 09:52:02'),
(833, '林怡萱456', 'mail32754@test.com', '0918106259', '1985-01-17', '連江縣', '2024-07-08 09:52:02'),
(836, '何宜庭', 'mail96328@test.com', '0918482194', '1991-07-08', '雲林縣', '2024-07-08 09:52:02'),
(838, '董家瑋', 'mail34495@test.com', '0918657276', '1985-08-16', '彰化縣', '2024-07-08 09:52:02'),
(840, '吳彥廷', 'mail98901@test.com', '0918866720', '1998-01-22', '桃園市', '2024-07-08 09:52:02'),
(841, '許郁婷', 'mail80634@test.com', '0918380498', '1991-08-13', '嘉義縣', '2024-07-08 09:52:02'),
(842, '唐冠廷', 'mail23460@test.com', '0918208154', '1996-07-29', '宜蘭縣', '2024-07-08 09:52:02'),
(843, '鄭宜庭', 'mail18823@test.com', '0918930362', '1992-09-26', '嘉義縣', '2024-07-08 09:52:02'),
(844, '郭怡君', 'mail42435@test.com', '0918182257', '1993-02-06', '新竹市', '2024-07-08 09:52:02'),
(845, '曾郁婷', 'mail65374@test.com', '0918885173', '1996-12-21', '新竹縣dsgfdf', '2024-07-08 09:52:02'),
(846, '曾宗翰', 'mail23958@test.com', '0918874970', '1987-06-16', '高雄市', '2024-07-08 09:52:02'),
(847, '董宗翰', 'mail60339@test.com', '0918473142', '1994-08-29', '高雄市', '2024-07-08 09:52:02'),
(848, '李雅婷', 'mail64255@test.com', '0918826945', '1995-03-25', '新北市', '2024-07-08 09:52:02'),
(849, '陳冠宇', 'mail36905@test.com', '0918446638', '1997-07-22', '臺北市', '2024-07-08 09:52:02'),
(850, '趙雅筑', 'mail29783@test.com', '0918184150', '1985-06-24', '南投縣', '2024-07-08 09:52:02'),
(851, '何家豪', 'mail29536@test.com', '0918177593', '1990-09-13', '臺中市', '2024-07-08 09:52:02'),
(852, '謝佳穎', 'mail50651@test.com', '0918960109', '1996-08-23', '新竹市', '2024-07-08 09:52:02'),
(853, '何雅婷', 'mail90645@test.com', '0918833444', '1994-02-13', '花蓮縣', '2024-07-08 09:52:02'),
(854, '孫郁婷', 'mail38415@test.com', '0918854393', '1999-11-29', '屏東縣', '2024-07-08 09:52:02'),
(855, '於郁婷', 'mail99788@test.com', '0918421309', '1986-09-11', '連江縣', '2024-07-08 09:52:02'),
(856, '趙宜庭', 'mail74118@test.com', '0918319344', '1994-12-21', '新竹市', '2024-07-08 09:52:02'),
(857, '沈怡萱', 'mail11423@test.com', '0918328036', '1985-09-06', '南投縣', '2024-07-08 09:52:02'),
(858, '唐詩涵', 'mail29582@test.com', '0918537217', '1993-05-09', '臺南市', '2024-07-08 09:52:02'),
(859, '彭冠宇', 'mail85051@test.com', '0918813295', '1990-01-16', '連江縣', '2024-07-08 09:52:02'),
(860, '馬佳穎', 'mail80162@test.com', '0918622644', '1996-09-09', '彰化縣', '2024-07-08 09:52:02'),
(861, '韓彥廷', 'mail10257@test.com', '0918972459', '1992-02-05', '基隆市', '2024-07-08 09:52:02'),
(862, '唐詩涵', 'mail64312@test.com', '0918366800', '1990-11-18', '新竹市', '2024-07-08 09:52:02'),
(863, '趙郁婷', 'mail96336@test.com', '0918283364', '1991-08-21', '臺東縣', '2024-07-08 09:52:02'),
(864, '郭詩涵', 'mail85601@test.com', '0918786564', '1997-06-08', '新竹市', '2024-07-08 09:52:02'),
(865, '梁佳穎', 'mail37569@test.com', '0918307219', '1992-09-16', '新北市', '2024-07-08 09:52:02'),
(866, '朱宗翰', 'mail82974@test.com', '0918860981', '1989-05-04', '新竹縣', '2024-07-08 09:52:02'),
(867, '唐柏翰', 'mail43373@test.com', '0918281615', '1996-10-05', '新竹市', '2024-07-08 09:52:02'),
(868, '彭冠霖', 'mail52799@test.com', '0918305645', '1986-04-20', '臺南市', '2024-07-08 09:52:02'),
(869, '謝柏翰', 'mail65347@test.com', '0918598837', '1989-01-27', '花蓮縣', '2024-07-08 09:52:02'),
(870, '彭怡萱', 'mail92382@test.com', '0918217884', '1997-06-09', '臺南市', '2024-07-08 09:52:02'),
(871, '張冠宇', 'mail30900@test.com', '0918201286', '1995-08-25', '屏東縣', '2024-07-08 09:52:02'),
(872, '韓宗翰', 'mail13053@test.com', '0918993281', '1990-04-23', '雲林縣', '2024-07-08 09:52:02'),
(873, '朱冠霖', 'mail74509@test.com', '0918205671', '1985-05-09', '宜蘭縣', '2024-07-08 09:52:02'),
(874, '吳佳穎', 'mail80308@test.com', '0918815971', '1988-03-22', '花蓮縣', '2024-07-08 09:52:02'),
(875, '鄧承翰', 'mail68819@test.com', '0918275423', '1986-11-10', '臺東縣', '2024-07-08 09:52:02'),
(876, '唐佳穎', 'mail10089@test.com', '0918799776', '1994-07-08', '屏東縣', '2024-07-08 09:52:02'),
(877, '何鈺婷', 'mail42568@test.com', '0918302074', '1996-11-16', '彰化縣', '2024-07-08 09:52:02'),
(878, '沈雅筑', 'mail62143@test.com', '0918851118', '1997-03-21', '連江縣', '2024-07-08 09:52:02'),
(879, '馬鈺婷', 'mail76930@test.com', '0918804112', '1989-06-16', '臺東縣', '2024-07-08 09:52:02'),
(880, '袁佳穎', 'mail95758@test.com', '0918831332', '1992-05-06', '苗栗縣', '2024-07-08 09:52:02'),
(881, '趙彥廷', 'mail15495@test.com', '0918919909', '1986-10-03', '新竹市', '2024-07-08 09:52:02'),
(882, '羅承翰', 'mail64965@test.com', '0918806879', '1989-04-21', '澎湖縣', '2024-07-08 09:52:02'),
(883, '梁宇軒', 'mail31682@test.com', '0918962815', '1990-10-29', '屏東縣', '2024-07-08 09:52:02'),
(884, '曹怡婷您好', 'mail74504@test.com', '0918884429', '1996-03-06', '嘉義縣', '2024-07-08 09:52:02'),
(885, '羅家瑋', 'mail94301@test.com', '0918795379', '1996-10-24', '澎湖縣', '2024-07-08 09:52:02'),
(886, '黃怡萱', 'mail27618@test.com', '0918921834', '1987-06-19', '彰化縣', '2024-07-08 09:52:02'),
(887, '張佳穎', 'mail54944@test.com', '0918903129', '1992-09-19', '澎湖縣', '2024-07-08 09:52:02'),
(888, '朱佳穎', 'mail43507@test.com', '0918333213', '1991-01-31', '臺北市', '2024-07-08 09:52:02'),
(900, '蕭怡婷', 'mail26616@test.com', '0918436537', '1988-11-07', '連江縣', '2024-07-08 09:52:02'),
(901, '何冠廷', 'mail79608@test.com', '0918265640', '1985-03-01', '臺北市', '2024-07-08 09:52:02'),
(902, '曹柏翰', 'mail59383@test.com', '0918729345', '1998-02-27', '花蓮縣', '2024-07-08 09:52:02'),
(903, '羅柏翰', 'mail18210@test.com', '0918887822', '1987-05-05', '屏東縣', '2024-07-08 09:52:02'),
(904, '董宇軒', 'mail80711@test.com', '0918433223', '1998-11-26', '嘉義市', '2024-07-08 09:52:02'),
(905, '馮彥廷', 'mail82062@test.com', '0918868173', '1990-03-14', '新北市', '2024-07-08 09:52:02'),
(906, '趙家豪', 'mail39901@test.com', '0918538292', '1988-07-25', '南投縣', '2024-07-08 09:52:02'),
(907, '袁宗翰', 'mail83322@test.com', '0918517004', '1988-10-07', '臺東縣', '2024-07-08 09:52:02'),
(908, '王鈺婷', 'mail45091@test.com', '0918690313', '1989-09-17', '新竹縣', '2024-07-08 09:52:02'),
(909, '曾怡君', 'mail21696@test.com', '0918170783', '1992-11-16', '金門縣', '2024-07-08 09:52:02'),
(910, '韓柏翰', 'mail29443@test.com', '0918324082', '1995-04-29', '基隆市', '2024-07-08 09:52:02'),
(911, '高承翰', 'mail95463@test.com', '0918523782', '1988-06-15', '金門縣', '2024-07-08 09:52:02'),
(912, '楊鈺婷', 'mail20088@test.com', '0918792750', '1985-06-09', '花蓮縣', '2024-07-08 09:52:02'),
(913, '程怡君', 'mail41337@test.com', '0918903874', '1993-02-19', '金門縣', '2024-07-08 09:52:02'),
(914, '馬彥廷', 'mail34503@test.com', '0918238393', '1988-04-17', '新北市', '2024-07-08 09:52:02'),
(915, '彭雅筑', 'mail28413@test.com', '0918583639', '1995-01-16', '南投縣', '2024-07-08 09:52:02'),
(916, '羅怡君', 'mail42747@test.com', '0918633438', '1990-06-21', '臺中市', '2024-07-08 09:52:02'),
(917, '許冠霖', 'mail17377@test.com', '0918714363', '1992-04-15', '桃園市', '2024-07-08 09:52:02'),
(918, '程冠廷', 'mail56592@test.com', '0918158245', '1994-10-23', '新竹市', '2024-07-08 09:52:02'),
(919, '朱宜庭', 'mail22139@test.com', '0918990718', '1994-08-02', '連江縣', '2024-07-08 09:52:02'),
(920, '彭鈺婷', 'mail51942@test.com', '0918112275', '1994-01-01', '花蓮縣', '2024-07-08 09:52:02'),
(922, '高詩涵', 'mail30186@test.com', '0918855464', '1987-03-31', '彰化縣', '2024-07-08 09:52:02'),
(923, '劉宇軒', 'mail21496@test.com', '0918919114', '1991-09-02', '新北市', '2024-07-08 09:52:02'),
(924, '陳冠廷', 'mail20703@test.com', '0918105124', '1994-05-25', '南投縣', '2024-07-08 09:52:02'),
(925, '呂怡婷', 'mail72853@test.com', '0918533017', '1993-12-30', '臺東縣', '2024-07-08 09:52:02'),
(926, '謝柏翰', 'mail85897@test.com', '0918131004', '1995-02-08', '高雄市', '2024-07-08 09:52:02'),
(927, '楊冠廷', 'mail18443@test.com', '0918628689', '1988-10-16', '高雄市', '2024-07-08 09:52:02'),
(928, '沈雅婷', 'mail74841@test.com', '0918367991', '1999-12-23', '新北市', '2024-07-08 09:52:02'),
(929, '張家豪', 'mail88770@test.com', '0918567176', '1989-10-30', '金門縣', '2024-07-08 09:52:02'),
(930, '袁冠宇', 'mail71148@test.com', '0918738709', '1987-05-07', '宜蘭縣', '2024-07-08 09:52:02'),
(931, '胡雅筑', 'mail23078@test.com', '0918418524', '1985-10-13', '桃園市', '2024-07-08 09:52:02'),
(932, '高怡君', 'mail56272@test.com', '0918761171', '1987-06-29', '新北市', '2024-07-08 09:52:02'),
(933, '郭冠宇', 'mail57048@test.com', '0918597758', '1995-03-21', '新竹縣', '2024-07-08 09:52:02'),
(934, '吳冠廷', 'mail29919@test.com', '0918948459', '1996-08-16', '澎湖縣', '2024-07-08 09:52:02'),
(935, '吳郁婷', 'mail96957@test.com', '0918979403', '1986-02-24', '宜蘭縣', '2024-07-08 09:52:02'),
(936, '黃詩涵', 'mail31018@test.com', '0918161489', '1997-10-13', '嘉義市', '2024-07-08 09:52:02'),
(937, '張怡萱', 'mail44607@test.com', '0918868706', '1997-06-28', '臺中市', '2024-07-08 09:52:02'),
(938, '鄧鈺婷', 'mail56918@test.com', '0918917722', '1987-09-19', '彰化縣', '2024-07-08 09:52:02'),
(939, '梁冠廷', 'mail54586@test.com', '0918623454', '1986-09-01', '高雄市', '2024-07-08 09:52:02'),
(940, '傅柏翰', 'mail26539@test.com', '0918906493', '1990-08-04', '桃園市', '2024-07-08 09:52:02'),
(941, '李冠宇', 'mail49836@test.com', '0918322001', '1991-09-07', '澎湖縣', '2024-07-08 09:52:02'),
(942, '傅郁婷', 'mail12459@test.com', '0918474228', '1989-09-24', '澎湖縣', '2024-07-08 09:52:02'),
(943, '高鈺婷', 'mail74297@test.com', '0918619422', '1993-05-03', '嘉義縣', '2024-07-08 09:52:02'),
(944, '韓冠宇', 'mail41888@test.com', '0918640880', '1999-12-10', '花蓮縣', '2024-07-08 09:52:02'),
(945, '徐詩涵', 'mail88868@test.com', '0918222097', '1986-08-06', '高雄市', '2024-07-08 09:52:02'),
(946, '宋怡萱', 'mail71708@test.com', '0918597924', '1985-02-13', '彰化縣', '2024-07-08 09:52:02'),
(947, '程承翰', 'mail65296@test.com', '0918964263', '1988-09-13', '雲林縣', '2024-07-08 09:52:02'),
(948, '宋怡君', 'mail83951@test.com', '0918399436', '1992-08-26', '苗栗縣', '2024-07-08 09:52:02'),
(949, '彭雅筑', 'mail97461@test.com', '0918161803', '1996-03-09', '基隆市', '2024-07-08 09:52:02'),
(950, '於冠宇', 'mail87109@test.com', '0918502762', '1985-07-01', '桃園市', '2024-07-08 09:52:02'),
(951, '王家豪', 'mail22119@test.com', '0918854621', '1994-09-16', '桃園市', '2024-07-08 09:52:02'),
(952, '胡彥廷', 'mail37160@test.com', '0918334558', '1986-12-23', '雲林縣', '2024-07-08 09:52:02'),
(953, '梁怡萱', 'mail82358@test.com', '0918893622', '1998-03-08', '臺北市', '2024-07-08 09:52:02'),
(954, '徐詩涵', 'mail83336@test.com', '0918887093', '1995-11-09', '臺北市', '2024-07-08 09:52:02'),
(955, '孫詩涵', 'mail89748@test.com', '0918695088', '1987-11-27', '高雄市', '2024-07-08 09:52:02'),
(956, '彭宗翰', 'mail32489@test.com', '0918249620', '1988-12-25', '彰化縣', '2024-07-08 09:52:02'),
(957, '馮怡君', 'mail34761@test.com', '0918383140', '1992-12-26', '臺南市', '2024-07-08 09:52:02'),
(958, '唐佳穎', 'mail75742@test.com', '0918996860', '1992-07-11', '宜蘭縣', '2024-07-08 09:52:02'),
(959, '孫雅婷', 'mail86740@test.com', '0918606886', '1992-12-28', '嘉義市', '2024-07-08 09:52:02'),
(960, '袁宇軒', 'mail50092@test.com', '0918606079', '1997-09-02', '新竹市', '2024-07-08 09:52:02'),
(961, '曹冠廷', 'mail78573@test.com', '0918128513', '1988-03-10', '雲林縣', '2024-07-08 09:52:02'),
(962, '孫怡萱', 'mail39639@test.com', '0918235103', '1998-10-17', '桃園市', '2024-07-08 09:52:02'),
(963, '馮宇軒', 'mail11652@test.com', '0918930324', '1989-03-21', '雲林縣', '2024-07-08 09:52:02'),
(964, '郭怡婷', 'mail29754@test.com', '0918201289', '1990-09-08', '新竹市', '2024-07-08 09:52:02'),
(965, '傅雅婷', 'mail36939@test.com', '0918371624', '1990-02-19', '彰化縣', '2024-07-08 09:52:02'),
(966, '周雅婷', 'mail49325@test.com', '0918431970', '1997-06-23', '臺中市', '2024-07-08 09:52:02'),
(967, '黃雅婷', 'mail76787@test.com', '0918596787', '1986-08-04', '桃園市', '2024-07-08 09:52:02'),
(968, '張雅筑', 'mail55078@test.com', '0918475261', '1987-05-08', '嘉義市', '2024-07-08 09:52:02'),
(969, '馮雅婷', 'mail78275@test.com', '0918862760', '1985-12-16', '雲林縣', '2024-07-08 09:52:02'),
(970, '黃家瑋', 'mail32871@test.com', '0918573705', '1997-06-03', '嘉義縣', '2024-07-08 09:52:02'),
(971, '馮冠霖', 'mail55499@test.com', '0918481240', '1991-02-14', '基隆市', '2024-07-08 09:52:02'),
(972, '朱詩涵', 'mail67181@test.com', '0918931749', '1998-12-11', '屏東縣', '2024-07-08 09:52:02'),
(973, '曾承翰', 'mail93505@test.com', '0918152295', '1996-09-22', '臺南市', '2024-07-08 09:52:02'),
(975, '鄧佳穎', 'mail79582@test.com', '0918413264', '1998-07-03', '屏東縣', '2024-07-08 09:52:02'),
(976, '張怡婷', 'mail31965@test.com', '0918503623', '1988-07-20', '澎湖縣', '2024-07-08 09:52:02'),
(977, '馬宗翰', 'mail25776@test.com', '0918532862', '1990-05-22', '桃園市', '2024-07-08 09:52:02'),
(978, '董宗翰', 'mail58784@test.com', '0918596531', '1991-12-22', '新竹縣', '2024-07-08 09:52:02'),
(979, '梁柏翰', 'mail46442@test.com', '0918641675', '1993-11-19', '高雄市', '2024-07-08 09:52:02'),
(980, '謝承翰', 'mail92031@test.com', '0918214533', '1988-02-27', '雲林縣', '2024-07-08 09:52:02'),
(981, '馮冠霖', 'mail78129@test.com', '0918695672', '1988-08-13', '新竹縣', '2024-07-08 09:52:02'),
(982, '彭彥廷', 'mail39081@test.com', '0918671017', '1999-06-13', '新北市', '2024-07-08 09:52:02'),
(983, '郭鈺婷', 'mail30312@test.com', '0918173273', '1985-03-09', '屏東縣', '2024-07-08 09:52:02'),
(984, '高鈺婷', 'mail21918@test.com', '0918653226', '1995-05-13', '花蓮縣', '2024-07-08 09:52:02'),
(985, '沈雅婷', 'mail27516@test.com', '0918240091', '1992-07-27', '雲林縣', '2024-07-08 09:52:02'),
(986, '王佳穎', 'mail31022@test.com', '0918127085', '1985-03-07', '桃園市', '2024-07-08 09:52:02'),
(987, '董雅筑', 'mail99779@test.com', '0918643293', '1989-08-07', '臺北市', '2024-07-08 09:52:02'),
(988, '曾冠宇', 'mail34137@test.com', '0918958053', '1986-01-19', '臺北市', '2024-07-08 09:52:02'),
(989, '楊鈺婷', 'mail86062@test.com', '0918639009', '1997-05-25', '臺中市', '2024-07-08 09:52:02'),
(990, '李冠廷', 'mail77546@test.com', '0918420589', '1987-08-14', '高雄市', '2024-07-08 09:52:02'),
(991, '馮宇軒', 'mail41032@test.com', '0918382455', '1989-02-24', '臺東縣', '2024-07-08 09:52:02'),
(992, '董冠廷', 'mail53141@test.com', '0918118134', '1988-12-30', '苗栗縣', '2024-07-08 09:52:02'),
(994, '趙彥廷', 'mail93104@test.com', '0918924549', '1995-05-13', '高雄市', '2024-07-08 09:52:02'),
(995, '鄧冠霖', 'mail34666@test.com', '0918343987', '1994-06-10', '金門縣', '2024-07-08 09:52:02'),
(997, '張宗翰', 'mail44472@test.com', '0918274384', '1986-03-13', '澎湖縣', '2024-07-08 09:52:02'),
(999, '謝冠宇', 'mail62297@test.com', '0918147245', '1999-01-26', '金門縣', '2024-07-08 09:52:02');

-- --------------------------------------------------------

--
-- 資料表結構 `categories`
--

CREATE TABLE `categories` (
  `category_id` int(11) NOT NULL,
  `name` varchar(30) NOT NULL,
  `parent_id` int(11) DEFAULT NULL
) ENGINE=InnoDB DEFAULT CHARSET=utf8mb4;

--
-- 傾印資料表的資料 `categories`
--

INSERT INTO `categories` (`category_id`, `name`, `parent_id`) VALUES
(1, '程式設計', NULL),
(2, '繪圖軟體', NULL),
(3, '網際網路應用', NULL),
(4, 'PHP', 1),
(5, 'JavaScript', 1),
(6, 'Illustrator', 2),
(7, 'PhotoShop', 2),
(8, 'Chrome', 3),
(9, 'C++', 1);

-- --------------------------------------------------------

--
-- 資料表結構 `members`
--

CREATE TABLE `members` (
  `member_id` int(11) NOT NULL,
  `email` varchar(100) NOT NULL,
  `password_hash` varchar(100) NOT NULL,
  `mobile` varchar(30) DEFAULT NULL,
  `nickname` varchar(30) NOT NULL,
  `create_at` datetime NOT NULL
) ENGINE=InnoDB DEFAULT CHARSET=utf8mb4;

--
-- 傾印資料表的資料 `members`
--

INSERT INTO `members` (`member_id`, `email`, `password_hash`, `mobile`, `nickname`, `create_at`) VALUES
(3, 'ming@test.com', '$2b$12$oKaX5/UXXNQv5oEFWGWr2.ER.jL2DBs7w.ErhuglqmUH4.YMBeZie', '0918222333', '大明', '2019-01-07 10:39:38'),
(7, 'shin@test.com', '$2b$12$oKaX5/UXXNQv5oEFWGWr2.ER.jL2DBs7w.ErhuglqmUH4.YMBeZie', '0918222555', '小新', '2020-09-17 10:30:38'),
(8, 'mary@test.com', '$2b$12$oKaX5/UXXNQv5oEFWGWr2.ER.jL2DBs7w.ErhuglqmUH4.YMBeZie', '0918222555', '瑪麗亞', '2020-09-17 10:30:38');

-- --------------------------------------------------------

--
-- 資料表結構 `orders`
--

CREATE TABLE `orders` (
  `order_id` int(11) NOT NULL,
  `member_id` int(11) NOT NULL,
  `amount` int(11) NOT NULL,
  `ordered_at` datetime NOT NULL
) ENGINE=InnoDB DEFAULT CHARSET=utf8mb4;

--
-- 傾印資料表的資料 `orders`
--

INSERT INTO `orders` (`order_id`, `member_id`, `amount`, `ordered_at`) VALUES
(5, 3, 1820, '2016-03-25 12:19:05'),
(10, 7, 1460, '2016-06-01 11:15:53'),
(11, 3, 2030, '2017-10-03 13:49:20');

-- --------------------------------------------------------

--
-- 資料表結構 `order_details`
--

CREATE TABLE `order_details` (
  `od_id` int(11) NOT NULL,
  `order_id` int(11) NOT NULL,
  `product_id` int(11) NOT NULL,
  `price` int(11) NOT NULL,
  `quantity` int(11) NOT NULL
) ENGINE=InnoDB DEFAULT CHARSET=utf8mb4;

--
-- 傾印資料表的資料 `order_details`
--

INSERT INTO `order_details` (`od_id`, `order_id`, `product_id`, `price`, `quantity`) VALUES
(4, 5, 22, 580, 1),
(5, 5, 17, 620, 2),
(9, 10, 1, 560, 1),
(10, 10, 2, 420, 1),
(11, 10, 3, 480, 1),
(12, 11, 5, 690, 2),
(13, 11, 15, 650, 1),
(14, 11, 3, 480, 2);

-- --------------------------------------------------------

--
-- 資料表結構 `products`
--

CREATE TABLE `products` (
  `product_id` int(11) NOT NULL,
  `author` varchar(50) NOT NULL,
  `book_name` varchar(60) NOT NULL,
  `category_id` int(11) NOT NULL,
  `publish_date` date NOT NULL,
  `pages` int(11) NOT NULL,
  `price` int(11) NOT NULL,
  `isbn` varchar(30) NOT NULL
) ENGINE=InnoDB DEFAULT CHARSET=utf8mb4;

--
-- 傾印資料表的資料 `products`
--

INSERT INTO `products` (`product_id`, `author`, `book_name`, `category_id`, `publish_date`, `pages`, `price`, `isbn`) VALUES
(1, '洪一新、許瑞珍', '圖解C++程式設計', 1, '2010-02-08', 624, 560, '978-986-201-306-9 '),
(2, '吳睿紘', '圖解資料結構-使用JAVA', 1, '2009-12-15', 384, 420, '978-986-201-281-9 '),
(3, '江家頡、陳怡均', 'Visual C# 2008網路遊戲程式設計', 1, '2009-11-27', 424, 480, '978-986-201-278-9 '),
(4, '結城 浩', 'Java 重構- Java Refactoring', 1, '2010-01-21', 432, 490, '978-986-201-087-7 '),
(5, '平田豊', 'Linux Device Driver Programming 驅動程式設計', 1, '2009-01-05', 624, 690, '978-986-201-186-7 '),
(6, '王鴻儒', 'Excel VBA 2007程式設計 - 增訂新版', 1, '2008-05-27', 400, 450, '978-986-201-129-4'),
(7, '姜姃延', '彩繪天堂Painter數位插畫輕鬆學', 2, '2009-09-14', 448, 550, '978-986-201-255-0'),
(8, '金惠京', '不一樣的創作設計風格- Photoshop Artworks Stylebook ', 2, '2009-11-30', 304, 520, '978-986-201-276-5'),
(9, '大室はじめ Hajime', '日式風格藝術紋樣素材選集', 2, '2009-03-09', 128, 350, '978-986-201-203-1'),
(10, '五島由實', 'Illustrator GOODS COLLECTION', 2, '2008-10-29', 192, 350, '978-986-201-172-0 '),
(11, '久米原榮、上田浩', 'Wireshark 網路協定分析與管理', 3, '2010-01-12', 400, 480, '978-986-201-292-5'),
(12, '陳佩婷', 'Flash CS4動畫設計應用集', 3, '2010-01-07', 464, 520, '978-986-201-290-1'),
(13, '陳東偉', 'Internet網路實務與應用', 3, '2010-01-04', 512, 500, '978-986-201-286-4'),
(14, '奧山壽史', '打開就能用的整站網頁設計範例集', 3, '2009-12-23', 176, 380, '978-986-201-284-0'),
(15, 'Time研究室 陳錦輝', 'ASP.NET 3.5初學指引-使用Visual Basic 2008', 3, '2009-10-29', 896, 650, '978-986-201-270-3'),
(16, '榮欽科技 鄭苑鳳', 'Dreamweaver CS4網頁設計應用集', 3, '2009-09-07', 480, 520, '978-986-201-261-1'),
(17, '賈蓉生、胡大源、許世豪', 'Java互動網站實作 -JSP與資料庫', 3, '2009-08-13', 656, 620, '978-986-201-250-5'),
(18, '田中康博、林拓也', 'ActionScript 3.0 活用範例大辭典', 3, '2009-03-23', 544, 550, '978-986-201-207-9'),
(19, '數位新知', '網頁設計應用集 -Dreamweaver+PhotoImpact+Flash', 3, '2009-03-16', 464, 520, '978-986-201-202-4'),
(20, '陳湘揚 ', '網路概論(第二版)', 3, '2008-12-30', 592, 580, '978-986-201-187-4'),
(21, '林季嫻', 'Joomla圖解架站實例應用', 3, '2008-11-25', 560, 490, '978-986-201-178-2'),
(22, '前沿科技 溫謙', 'Web CSS網頁設計大全', 3, '2008-10-29', 448, 580, '978-986-201-169-0'),
(23, '林新德', 'Flash CS3 ActionScript 3.0應用程式設計', 3, '2007-11-22', 560, 520, '978-986-201-067-9');

--
-- 已傾印資料表的索引
--

--
-- 資料表索引 `ab_likes`
--
ALTER TABLE `ab_likes`
  ADD PRIMARY KEY (`like_id`),
  ADD UNIQUE KEY `member_id_2` (`member_id`,`ab_id`),
  ADD KEY `member_id` (`member_id`),
  ADD KEY `ab_id` (`ab_id`);

--
-- 資料表索引 `address_book`
--
ALTER TABLE `address_book`
  ADD PRIMARY KEY (`ab_id`);

--
-- 資料表索引 `categories`
--
ALTER TABLE `categories`
  ADD PRIMARY KEY (`category_id`),
  ADD KEY `parent_sid` (`parent_id`);

--
-- 資料表索引 `members`
--
ALTER TABLE `members`
  ADD PRIMARY KEY (`member_id`),
  ADD UNIQUE KEY `email` (`email`);

--
-- 資料表索引 `orders`
--
ALTER TABLE `orders`
  ADD PRIMARY KEY (`order_id`),
  ADD KEY `member_id` (`member_id`);

--
-- 資料表索引 `order_details`
--
ALTER TABLE `order_details`
  ADD PRIMARY KEY (`od_id`),
  ADD KEY `order_id` (`order_id`) USING BTREE,
  ADD KEY `product_id` (`product_id`) USING BTREE;

--
-- 資料表索引 `products`
--
ALTER TABLE `products`
  ADD PRIMARY KEY (`product_id`),
  ADD UNIQUE KEY `isbn` (`isbn`),
  ADD KEY `category_id` (`category_id`);

--
-- 在傾印的資料表使用自動增長(AUTO_INCREMENT)
--

--
-- 使用資料表自動增長(AUTO_INCREMENT) `ab_likes`
--
ALTER TABLE `ab_likes`
  MODIFY `like_id` int(11) NOT NULL AUTO_INCREMENT, AUTO_INCREMENT=4;

--
-- 使用資料表自動增長(AUTO_INCREMENT) `address_book`
--
ALTER TABLE `address_book`
  MODIFY `ab_id` int(11) NOT NULL AUTO_INCREMENT, AUTO_INCREMENT=1003;

--
-- 使用資料表自動增長(AUTO_INCREMENT) `categories`
--
ALTER TABLE `categories`
  MODIFY `category_id` int(11) NOT NULL AUTO_INCREMENT, AUTO_INCREMENT=10;

--
-- 使用資料表自動增長(AUTO_INCREMENT) `members`
--
ALTER TABLE `members`
  MODIFY `member_id` int(11) NOT NULL AUTO_INCREMENT, AUTO_INCREMENT=9;

--
-- 使用資料表自動增長(AUTO_INCREMENT) `orders`
--
ALTER TABLE `orders`
  MODIFY `order_id` int(11) NOT NULL AUTO_INCREMENT, AUTO_INCREMENT=12;

--
-- 使用資料表自動增長(AUTO_INCREMENT) `order_details`
--
ALTER TABLE `order_details`
  MODIFY `od_id` int(11) NOT NULL AUTO_INCREMENT, AUTO_INCREMENT=15;

--
-- 使用資料表自動增長(AUTO_INCREMENT) `products`
--
ALTER TABLE `products`
  MODIFY `product_id` int(11) NOT NULL AUTO_INCREMENT, AUTO_INCREMENT=24;

--
-- 已傾印資料表的限制(constraint)
--

--
-- 資料表的限制(constraint) `ab_likes`
--
ALTER TABLE `ab_likes`
  ADD CONSTRAINT `ab_likes_ibfk_1` FOREIGN KEY (`member_id`) REFERENCES `members` (`member_id`),
  ADD CONSTRAINT `ab_likes_ibfk_2` FOREIGN KEY (`ab_id`) REFERENCES `address_book` (`ab_id`);

--
-- 資料表的限制(constraint) `categories`
--
ALTER TABLE `categories`
  ADD CONSTRAINT `categories_ibfk_1` FOREIGN KEY (`parent_id`) REFERENCES `categories` (`category_id`);

--
-- 資料表的限制(constraint) `orders`
--
ALTER TABLE `orders`
  ADD CONSTRAINT `orders_ibfk_1` FOREIGN KEY (`member_id`) REFERENCES `members` (`member_id`);

--
-- 資料表的限制(constraint) `order_details`
--
ALTER TABLE `order_details`
  ADD CONSTRAINT `order_details_ibfk_1` FOREIGN KEY (`order_id`) REFERENCES `orders` (`order_id`),
  ADD CONSTRAINT `order_details_ibfk_2` FOREIGN KEY (`product_id`) REFERENCES `products` (`product_id`);

--
-- 資料表的限制(constraint) `products`
--
ALTER TABLE `products`
  ADD CONSTRAINT `products_ibfk_1` FOREIGN KEY (`category_id`) REFERENCES `categories` (`category_id`);
COMMIT;

/*!40101 SET CHARACTER_SET_CLIENT=@OLD_CHARACTER_SET_CLIENT */;
/*!40101 SET CHARACTER_SET_RESULTS=@OLD_CHARACTER_SET_RESULTS */;
/*!40101 SET COLLATION_CONNECTION=@OLD_COLLATION_CONNECTION */;
