-- MySQL dump 10.13  Distrib 8.0.37, for Linux (x86_64)
--
-- Host: localhost    Database: shin01
-- ------------------------------------------------------
-- Server version	8.0.37-0ubuntu0.22.04.3

/*!40101 SET @OLD_CHARACTER_SET_CLIENT=@@CHARACTER_SET_CLIENT */;
/*!40101 SET @OLD_CHARACTER_SET_RESULTS=@@CHARACTER_SET_RESULTS */;
/*!40101 SET @OLD_COLLATION_CONNECTION=@@COLLATION_CONNECTION */;
/*!50503 SET NAMES utf8mb4 */;
/*!40103 SET @OLD_TIME_ZONE=@@TIME_ZONE */;
/*!40103 SET TIME_ZONE='+00:00' */;
/*!40014 SET @OLD_UNIQUE_CHECKS=@@UNIQUE_CHECKS, UNIQUE_CHECKS=0 */;
/*!40014 SET @OLD_FOREIGN_KEY_CHECKS=@@FOREIGN_KEY_CHECKS, FOREIGN_KEY_CHECKS=0 */;
/*!40101 SET @OLD_SQL_MODE=@@SQL_MODE, SQL_MODE='NO_AUTO_VALUE_ON_ZERO' */;
/*!40111 SET @OLD_SQL_NOTES=@@SQL_NOTES, SQL_NOTES=0 */;

--
-- Current Database: `shin01`
--

CREATE DATABASE /*!32312 IF NOT EXISTS*/ `shin01` /*!40100 DEFAULT CHARACTER SET utf8mb4 COLLATE utf8mb4_general_ci */ /*!80016 DEFAULT ENCRYPTION='N' */;

USE `shin01`;

--
-- Table structure for table `address_book`
--

DROP TABLE IF EXISTS `address_book`;
/*!40101 SET @saved_cs_client     = @@character_set_client */;
/*!50503 SET character_set_client = utf8mb4 */;
CREATE TABLE `address_book` (
  `ab_id` int NOT NULL AUTO_INCREMENT,
  `name` varchar(255) CHARACTER SET utf8mb4 COLLATE utf8mb4_general_ci NOT NULL,
  `email` varchar(255) CHARACTER SET utf8mb4 COLLATE utf8mb4_general_ci NOT NULL,
  `mobile` varchar(255) CHARACTER SET utf8mb4 COLLATE utf8mb4_general_ci NOT NULL,
  `birthday` date DEFAULT NULL,
  `address` varchar(255) CHARACTER SET utf8mb4 COLLATE utf8mb4_general_ci NOT NULL,
  `created_at` datetime NOT NULL,
  PRIMARY KEY (`ab_id`)
) ENGINE=InnoDB AUTO_INCREMENT=1004 DEFAULT CHARSET=utf8mb4 COLLATE=utf8mb4_general_ci;
/*!40101 SET character_set_client = @saved_cs_client */;

--
-- Dumping data for table `address_book`
--

LOCK TABLES `address_book` WRITE;
/*!40000 ALTER TABLE `address_book` DISABLE KEYS */;
INSERT INTO `address_book` VALUES (1,'劉怡君','mail48895@test.com','0918483697','1987-05-19','新北市','2024-01-08 10:46:18'),(2,'徐宜庭','mail34909@test.com','0918915672','1997-09-23','屏東縣','2024-01-08 10:46:18'),(3,'曾佳穎','mail47502@test.com','0918700498','1990-08-13','新竹縣','2024-01-08 10:46:18'),(4,'傅詩涵','mail73064@test.com','0918510296','1986-01-14','高雄市','2024-01-08 10:46:18'),(5,'董柏翰','mail97833@test.com','0918578513','1989-07-30','金門縣','2024-01-08 10:46:18'),(6,'李詩涵','mail90461@test.com','0918833250','1999-08-26','屏東縣','2024-01-08 10:46:18'),(7,'孫怡君','mail94905@test.com','0918687413','1985-04-05','連江縣','2024-01-08 10:46:18'),(8,'羅承翰','mail24324@test.com','0918387808','1999-07-16','臺中市','2024-01-08 10:46:18'),(9,'蕭怡萱','mail43648@test.com','0918398532','1989-12-03','高雄市','2024-01-08 10:46:18'),(10,'傅怡君','mail62782@test.com','0918768021','1989-11-21','澎湖縣','2024-01-08 10:46:18'),(11,'郭家豪','mail69663@test.com','0918653420','1994-04-22','新竹縣','2024-01-08 10:46:18'),(12,'張宗翰','mail93515@test.com','0918376728','1985-07-23','新竹縣','2024-01-08 10:46:18'),(13,'張彥廷','mail13027@test.com','0918641569','1993-10-03','苗栗縣','2024-01-08 10:46:18'),(14,'徐宜庭','mail33226@test.com','0918550459','1994-12-12','屏東縣','2024-01-08 10:46:18'),(15,'唐怡君','mail66947@test.com','0918813939','1998-08-26','臺北市','2024-01-08 10:46:18'),(16,'於柏翰','mail59221@test.com','0918853597','1990-07-24','基隆市','2024-01-08 10:46:18'),(17,'彭佳穎','mail12108@test.com','0918231333','1996-09-22','金門縣','2024-01-08 10:46:18'),(18,'羅郁婷','mail21400@test.com','0918758698','1992-01-05','苗栗縣','2024-01-08 10:46:18'),(19,'沈雅筑','mail55530@test.com','0918941533','1994-04-11','基隆市','2024-01-08 10:46:18'),(20,'蕭雅婷','mail27004@test.com','0918954942','1992-12-09','臺南市','2024-01-08 10:46:18'),(21,'鄭承翰','mail23439@test.com','0918177980','1985-05-04','南投縣','2024-01-08 10:46:18'),(22,'曾柏翰','mail18703@test.com','0918485093','1996-03-01','南投縣','2024-01-08 10:46:18'),(23,'馮家豪','mail39054@test.com','0918866916','1994-06-05','金門縣','2024-01-08 10:46:18'),(24,'宋雅筑','mail65536@test.com','0918644652','1995-02-15','高雄市','2024-01-08 10:46:18'),(25,'程宜庭','mail10919@test.com','0918704011','1990-06-13','高雄市','2024-01-08 10:46:18'),(26,'梁怡君','mail45793@test.com','0918399646','1992-07-16','屏東縣','2024-01-08 10:46:18'),(27,'楊彥廷','mail18895@test.com','0918615602','1988-12-02','苗栗縣','2024-01-08 10:46:18'),(28,'劉冠霖','mail95831@test.com','0918410584','1993-07-21','花蓮縣','2024-01-08 10:46:18'),(29,'劉怡婷','mail58843@test.com','0918768582','1993-03-18','屏東縣','2024-01-08 10:46:18'),(30,'彭郁婷','mail33963@test.com','0918301088','1992-02-17','金門縣','2024-01-08 10:46:18'),(31,'林冠宇','mail60614@test.com','0918116691','1994-05-30','連江縣','2024-01-08 10:46:18'),(32,'劉怡萱','mail15405@test.com','0918138599','1993-10-29','新北市','2024-01-08 10:46:18'),(33,'楊郁婷','mail14927@test.com','0918282902','1999-11-23','屏東縣','2024-01-08 10:46:18'),(34,'董雅婷','mail13502@test.com','0918670765','1992-01-25','臺中市','2024-01-08 10:46:18'),(35,'唐雅婷','mail82040@test.com','0918764397','1991-06-18','基隆市','2024-01-08 10:46:18'),(36,'陳家瑋','mail57176@test.com','0918231897','1993-02-07','雲林縣','2024-01-08 10:46:18'),(37,'胡柏翰','mail26207@test.com','0918245269','1987-01-11','桃園市','2024-01-08 10:46:18'),(38,'馬佳穎','mail31877@test.com','0918283270','1996-07-08','金門縣','2024-01-08 10:46:18'),(39,'蕭宗翰','mail59806@test.com','0918517116','1992-07-10','連江縣','2024-01-08 10:46:18'),(40,'黃詩涵','mail14013@test.com','0918333297','1992-03-16','臺東縣','2024-01-08 10:46:18'),(41,'王冠霖','mail41468@test.com','0918535545','1992-06-30','臺中市','2024-01-08 10:46:18'),(42,'周鈺婷','mail87203@test.com','0918482136','1989-08-24','南投縣','2024-01-08 10:46:18'),(43,'程鈺婷','mail31416@test.com','0918820564','1997-12-18','苗栗縣','2024-01-08 10:46:18'),(44,'陳承翰','mail68078@test.com','0918835097','1988-04-29','苗栗縣','2024-01-08 10:46:18'),(45,'董承翰','mail30970@test.com','0918701450','1992-05-28','彰化縣','2024-01-08 10:46:18'),(46,'陳冠宇','mail54763@test.com','0918788868','1999-01-23','南投縣','2024-01-08 10:46:18'),(47,'鄭宗翰','mail71739@test.com','0918331664','1992-08-30','花蓮縣','2024-01-08 10:46:18'),(48,'陳宇軒','mail30019@test.com','0918274992','1990-07-02','金門縣','2024-01-08 10:46:18'),(49,'張宜庭','mail60860@test.com','0918598694','1993-10-01','新北市','2024-01-08 10:46:18'),(50,'梁佳穎','mail45164@test.com','0918708034','1986-12-14','雲林縣','2024-01-08 10:46:18'),(51,'張柏翰','mail39310@test.com','0918251246','1999-10-27','基隆市','2024-01-08 10:46:18'),(52,'曾怡萱','mail46678@test.com','0918503035','1990-04-07','澎湖縣','2024-01-08 10:46:18'),(53,'馮家豪','mail81683@test.com','0918844430','1995-05-17','臺東縣','2024-01-08 10:46:18'),(54,'馬佳穎','mail67328@test.com','0918287767','1991-06-21','雲林縣','2024-01-08 10:46:18'),(55,'趙柏翰','mail89706@test.com','0918100474','1998-01-22','屏東縣','2024-01-08 10:46:18'),(56,'彭怡君','mail25782@test.com','0918559349','1994-08-16','雲林縣','2024-01-08 10:46:18'),(57,'蕭怡君','mail53171@test.com','0918782296','1997-11-13','苗栗縣','2024-01-08 10:46:18'),(58,'鄭怡婷','mail53287@test.com','0918260218','1997-12-30','澎湖縣','2024-01-08 10:46:18'),(59,'趙佳穎','mail63682@test.com','0918459642','1996-12-09','雲林縣','2024-01-08 10:46:18'),(60,'張彥廷','mail34173@test.com','0918597619','1999-12-19','金門縣','2024-01-08 10:46:19'),(61,'趙宜庭','mail61449@test.com','0918761285','1994-10-11','苗栗縣','2024-01-08 10:46:19'),(62,'謝冠宇','mail49930@test.com','0918238071','1989-04-07','嘉義縣','2024-01-08 10:46:19'),(63,'於彥廷','mail73476@test.com','0918193679','1997-06-15','南投縣','2024-01-08 10:46:19'),(64,'高承翰','mail39906@test.com','0918577813','1997-06-19','澎湖縣','2024-01-08 10:46:19'),(65,'梁宜庭','mail76443@test.com','0918999355','1993-03-02','雲林縣','2024-01-08 10:46:19'),(66,'蕭雅婷','mail39778@test.com','0918893054','1989-11-16','新竹縣','2024-01-08 10:46:19'),(67,'曾彥廷','mail63143@test.com','0918579119','1987-07-26','南投縣','2024-01-08 10:46:19'),(68,'唐佳穎','mail54613@test.com','0918165578','1995-10-04','澎湖縣','2024-01-08 10:46:19'),(69,'袁冠宇','mail85172@test.com','0918375079','1985-05-05','連江縣','2024-01-08 10:46:19'),(70,'張彥廷','mail60915@test.com','0918938252','1986-05-12','嘉義市','2024-01-08 10:46:19'),(71,'楊彥廷','mail57758@test.com','0918668085','1991-10-08','臺東縣','2024-01-08 10:46:19'),(72,'宋柏翰','mail10797@test.com','0918249313','1995-06-22','屏東縣','2024-01-08 10:46:19'),(73,'吳鈺婷','mail82798@test.com','0918241335','1988-12-14','金門縣','2024-01-08 10:46:19'),(74,'宋雅婷','mail30098@test.com','0918110369','1987-08-08','新竹市','2024-01-08 10:46:19'),(75,'胡承翰','mail65577@test.com','0918996721','1992-11-23','嘉義市','2024-01-08 10:46:19'),(76,'程承翰','mail55411@test.com','0918286973','1993-09-22','雲林縣','2024-01-08 10:46:19'),(77,'唐家豪','mail24458@test.com','0918494975','1998-05-30','新竹市','2024-01-08 10:46:19'),(78,'馮冠廷','mail81538@test.com','0918594479','1990-07-26','高雄市','2024-01-08 10:46:19'),(79,'張宗翰','mail70942@test.com','0918372940','1996-07-09','宜蘭縣','2024-01-08 10:46:19'),(80,'馬鈺婷','mail83452@test.com','0918148196','1995-02-22','連江縣','2024-01-08 10:46:19'),(81,'林家瑋','mail22589@test.com','0918243775','1992-10-12','臺南市','2024-01-08 10:46:19'),(82,'胡宜庭','mail78780@test.com','0918943774','1995-10-19','雲林縣','2024-01-08 10:46:19'),(83,'朱宇軒','mail19732@test.com','0918670339','1992-05-28','連江縣','2024-01-08 10:46:19'),(84,'楊冠廷','mail91442@test.com','0918241171','1993-12-11','桃園市','2024-01-08 10:46:19'),(85,'蕭雅婷','mail42564@test.com','0918920199','1996-07-31','新竹市','2024-01-08 10:46:19'),(86,'梁雅婷','mail17224@test.com','0918607472','1988-12-28','桃園市','2024-01-08 10:46:19'),(87,'何彥廷','mail78549@test.com','0918382967','1988-06-18','連江縣','2024-01-08 10:46:19'),(88,'何雅筑','mail77167@test.com','0918290017','1986-01-23','新竹市','2024-01-08 10:46:19'),(89,'唐家豪','mail67066@test.com','0918164723','1990-01-23','臺中市','2024-01-08 10:46:19'),(90,'鄭詩涵','mail97393@test.com','0918800196','1985-08-10','新北市','2024-01-08 10:46:19'),(91,'馮鈺婷','mail81424@test.com','0918182074','1985-11-18','宜蘭縣','2024-01-08 10:46:19'),(92,'何宇軒','mail83091@test.com','0918876782','1993-09-26','臺東縣','2024-01-08 10:46:19'),(93,'李家豪','mail12111@test.com','0918988939','1999-04-03','臺中市','2024-01-08 10:46:19'),(94,'曾冠霖','mail97846@test.com','0918387646','1996-05-16','屏東縣','2024-01-08 10:46:19'),(95,'謝冠宇','mail53335@test.com','0918733453','1998-03-29','嘉義市','2024-01-08 10:46:19'),(96,'馮佳穎','mail60875@test.com','0918139283','1991-05-19','臺東縣','2024-01-08 10:46:19'),(97,'宋宗翰','mail43541@test.com','0918171678','1996-03-29','臺北市','2024-01-08 10:46:19'),(98,'曹雅婷','mail50696@test.com','0918823692','1992-03-02','臺北市','2024-01-08 10:46:19'),(99,'吳家瑋','mail54974@test.com','0918609439','1987-08-31','金門縣','2024-01-08 10:46:19'),(100,'何詩涵','mail68900@test.com','0918880103','1999-03-22','澎湖縣','2024-01-08 10:46:19'),(101,'董宜庭','mail50764@test.com','0918887218','1995-03-19','連江縣','2024-01-08 10:46:19'),(102,'周冠宇','mail12943@test.com','0918890920','1987-02-03','宜蘭縣','2024-01-08 10:46:19'),(103,'鄧怡萱','mail31229@test.com','0918886495','1988-09-08','連江縣','2024-01-08 10:46:19'),(104,'林詩涵','mail82639@test.com','0918525573','1986-06-01','新竹市','2024-01-08 10:46:19'),(105,'劉家豪','mail64680@test.com','0918709928','1987-11-16','臺中市','2024-01-08 10:46:19'),(106,'劉柏翰','mail50888@test.com','0918413044','1997-10-15','雲林縣','2024-01-08 10:46:19'),(107,'孫宗翰','mail65774@test.com','0918361125','1996-06-13','連江縣','2024-01-08 10:46:19'),(108,'宋郁婷','mail46636@test.com','0918228967','1987-05-25','臺北市','2024-01-08 10:46:19'),(109,'宋冠宇','mail49628@test.com','0918468583','1995-10-25','臺北市','2024-01-08 10:46:19'),(110,'高怡君','mail90906@test.com','0918889497','1999-07-11','花蓮縣','2024-01-08 10:46:19'),(111,'朱雅筑','mail12485@test.com','0918418739','1994-06-20','基隆市','2024-01-08 10:46:19'),(112,'於宇軒','mail26938@test.com','0918854124','1999-11-03','雲林縣','2024-01-08 10:46:19'),(113,'羅雅筑','mail89147@test.com','0918422649','1999-11-06','苗栗縣','2024-01-08 10:46:19'),(114,'梁冠宇','mail91525@test.com','0918202514','1993-04-05','臺中市','2024-01-08 10:46:19'),(115,'李承翰','mail64136@test.com','0918668337','1987-09-07','臺北市','2024-01-08 10:46:19'),(116,'郭怡萱','mail14995@test.com','0918978599','1992-04-12','臺東縣','2024-01-08 10:46:19'),(117,'蕭怡萱','mail99216@test.com','0918247349','1994-01-15','金門縣','2024-01-08 10:46:19'),(118,'徐怡君','mail57628@test.com','0918878354','1985-08-01','雲林縣','2024-01-08 10:46:19'),(119,'彭雅婷','mail93904@test.com','0918644052','1993-11-26','彰化縣','2024-01-08 10:46:19'),(120,'唐郁婷','mail31816@test.com','0918448180','1994-12-12','南投縣','2024-01-08 10:46:19'),(121,'王柏翰','mail21973@test.com','0918969420','1999-12-21','苗栗縣','2024-01-08 10:46:19'),(122,'林彥廷','mail13074@test.com','0918739152','1990-10-06','臺東縣','2024-01-08 10:46:19'),(123,'高鈺婷','mail91065@test.com','0918192399','1986-01-16','臺北市','2024-01-08 10:46:19'),(124,'馬家豪','mail27619@test.com','0918322372','1985-12-27','屏東縣','2024-01-08 10:46:19'),(125,'董宜庭','mail93849@test.com','0918617612','1993-06-03','高雄市','2024-01-08 10:46:19'),(126,'程雅筑','mail92254@test.com','0918188327','1988-09-14','新北市','2024-01-08 10:46:19'),(127,'董怡婷','mail67461@test.com','0918864531','1995-10-19','苗栗縣','2024-01-08 10:46:19'),(128,'羅郁婷','mail72368@test.com','0918324718','1999-06-10','基隆市','2024-01-08 10:46:19'),(129,'馮冠廷','mail91532@test.com','0918450489','1988-01-12','高雄市','2024-01-08 10:46:19'),(130,'孫佳穎','mail87528@test.com','0918519483','1986-12-03','嘉義市','2024-01-08 10:46:19'),(131,'朱家瑋','mail97862@test.com','0918946512','1991-10-12','花蓮縣','2024-01-08 10:46:19'),(132,'馮佳穎','mail51111@test.com','0918124783','1997-03-30','連江縣','2024-01-08 10:46:19'),(133,'徐彥廷','mail85895@test.com','0918139159','1993-01-11','雲林縣','2024-01-08 10:46:19'),(134,'沈宜庭','mail60743@test.com','0918154820','1986-01-04','澎湖縣','2024-01-08 10:46:19'),(135,'張宜庭','mail15557@test.com','0918220836','1986-10-02','彰化縣','2024-01-08 10:46:19'),(136,'馮怡君','mail58678@test.com','0918881614','1999-04-14','彰化縣','2024-01-08 10:46:19'),(137,'羅雅筑','mail22702@test.com','0918668255','1999-03-03','雲林縣','2024-01-08 10:46:19'),(138,'謝冠霖','mail76833@test.com','0918164944','1987-05-04','新北市','2024-01-08 10:46:19'),(139,'彭宜庭','mail62695@test.com','0918796209','1987-07-08','澎湖縣','2024-01-08 10:46:19'),(140,'曹冠霖','mail36376@test.com','0918646716','1994-01-22','宜蘭縣','2024-01-08 10:46:19'),(141,'孫宗翰','mail37673@test.com','0918969682','1990-11-27','臺東縣','2024-01-08 10:46:19'),(142,'董宇軒','mail29364@test.com','0918622370','1986-05-23','花蓮縣','2024-01-08 10:46:19'),(143,'曾承翰','mail37624@test.com','0918264538','1989-09-16','桃園市','2024-01-08 10:46:19'),(144,'鄧鈺婷','mail82783@test.com','0918586852','1994-11-13','新北市','2024-01-08 10:46:19'),(145,'林雅筑','mail71246@test.com','0918702206','1994-03-21','雲林縣','2024-01-08 10:46:19'),(146,'趙承翰','mail67886@test.com','0918129627','1989-01-04','屏東縣','2024-01-08 10:46:19'),(147,'曾宇軒','mail29401@test.com','0918822931','1996-04-30','臺南市','2024-01-08 10:46:19'),(148,'陳柏翰','mail21170@test.com','0918716246','1994-12-10','桃園市','2024-01-08 10:46:19'),(149,'傅柏翰','mail90370@test.com','0918798778','1995-08-08','新北市','2024-01-08 10:46:19'),(150,'彭冠廷','mail69756@test.com','0918549422','1985-08-21','屏東縣','2024-01-08 10:46:19'),(151,'梁宜庭','mail59349@test.com','0918811890','1995-12-02','臺南市','2024-01-08 10:46:19'),(152,'謝冠宇','mail36516@test.com','0918660359','1994-03-22','新竹縣','2024-01-08 10:46:19'),(153,'唐宜庭','mail56505@test.com','0918952453','1996-07-17','彰化縣','2024-01-08 10:46:19'),(154,'高怡君','mail64896@test.com','0918392546','1997-12-12','嘉義市','2024-01-08 10:46:19'),(155,'何怡君','mail86808@test.com','0918818920','1986-07-24','連江縣','2024-01-08 10:46:19'),(156,'梁家瑋','mail28477@test.com','0918281937','1986-06-27','臺中市','2024-01-08 10:46:19'),(157,'沈宇軒','mail11775@test.com','0918793822','1995-03-26','雲林縣','2024-01-08 10:46:19'),(158,'郭承翰','mail22716@test.com','0918424906','1995-12-28','嘉義縣','2024-01-08 10:46:19'),(159,'何冠霖','mail69146@test.com','0918816899','1997-08-22','彰化縣','2024-01-08 10:46:19'),(160,'孫怡萱','mail68724@test.com','0918372363','1995-11-13','嘉義縣','2024-01-08 10:46:19'),(161,'張冠霖','mail70413@test.com','0918255215','1992-08-16','屏東縣','2024-01-08 10:46:19'),(162,'陳冠宇','mail89952@test.com','0918550991','1994-05-15','嘉義市','2024-01-08 10:46:19'),(163,'孫郁婷','mail48788@test.com','0918867230','1992-08-11','臺南市','2024-01-08 10:46:19'),(164,'張宜庭','mail64372@test.com','0918599834','1986-07-09','桃園市','2024-01-08 10:46:19'),(165,'陳冠宇','mail63306@test.com','0918997752','1996-12-06','基隆市','2024-01-08 10:46:19'),(166,'羅詩涵','mail16904@test.com','0918184421','1994-05-01','苗栗縣','2024-01-08 10:46:19'),(167,'林冠廷','mail21766@test.com','0918327755','1998-07-17','花蓮縣','2024-01-08 10:46:19'),(168,'鄭冠霖','mail34802@test.com','0918393921','1991-07-09','新竹市','2024-01-08 10:46:19'),(169,'袁佳穎','mail93179@test.com','0918271537','1989-03-05','金門縣','2024-01-08 10:46:19'),(170,'曹雅婷','mail94147@test.com','0918902547','1991-08-03','臺中市','2024-01-08 10:46:19'),(171,'於冠宇','mail58423@test.com','0918365197','1991-10-22','桃園市','2024-01-08 10:46:19'),(172,'鄭詩涵','mail44159@test.com','0918262232','1988-06-24','嘉義市','2024-01-08 10:46:19'),(173,'高雅筑','mail99644@test.com','0918748719','1995-08-27','臺東縣','2024-01-08 10:46:19'),(174,'韓冠宇','mail36052@test.com','0918964166','1997-10-17','臺東縣','2024-01-08 10:46:19'),(175,'傅柏翰','mail77881@test.com','0918363603','1997-01-09','宜蘭縣','2024-01-08 10:46:19'),(176,'董雅婷','mail41482@test.com','0918104327','1998-05-02','臺北市','2024-01-08 10:46:19'),(177,'徐詩涵','mail52303@test.com','0918143783','1989-08-10','臺中市','2024-01-08 10:46:19'),(178,'趙冠宇','mail24261@test.com','0918886735','1987-08-08','新北市','2024-01-08 10:46:19'),(179,'袁彥廷','mail88231@test.com','0918903307','1992-05-30','新竹市','2024-01-08 10:46:19'),(180,'曹家瑋','mail81876@test.com','0918681715','1992-08-27','新竹縣','2024-01-08 10:46:19'),(181,'何郁婷','mail73076@test.com','0918223444','1991-04-15','宜蘭縣','2024-01-08 10:46:19'),(182,'曾宜庭','mail41707@test.com','0918949486','1999-06-28','花蓮縣','2024-01-08 10:46:19'),(183,'於冠宇','mail39692@test.com','0918173556','1990-12-07','嘉義市','2024-01-08 10:46:19'),(184,'劉彥廷','mail52381@test.com','0918269549','1985-08-22','臺中市','2024-01-08 10:46:19'),(185,'羅怡婷','mail97983@test.com','0918133654','1990-05-30','彰化縣','2024-01-08 10:46:19'),(186,'謝柏翰','mail20125@test.com','0918670628','1985-08-10','嘉義市','2024-01-08 10:46:19'),(187,'孫雅筑','mail18862@test.com','0918128738','1987-03-01','高雄市','2024-01-08 10:46:19'),(188,'何彥廷','mail51213@test.com','0918928197','1989-01-16','新北市','2024-01-08 10:46:19'),(189,'黃詩涵','mail65797@test.com','0918783733','1986-10-14','南投縣','2024-01-08 10:46:19'),(190,'楊佳穎','mail89933@test.com','0918736752','1991-03-09','臺東縣','2024-01-08 10:46:19'),(191,'黃承翰','mail50648@test.com','0918139932','1985-12-23','花蓮縣','2024-01-08 10:46:19'),(192,'馮怡婷','mail22772@test.com','0918240275','1991-02-24','屏東縣','2024-01-08 10:46:19'),(193,'於冠霖','mail97920@test.com','0918586607','1997-10-15','臺中市','2024-01-08 10:46:19'),(194,'楊怡婷','mail72576@test.com','0918672223','1998-06-15','嘉義市','2024-01-08 10:46:19'),(196,'高冠宇','mail70094@test.com','0918113807','1986-09-27','彰化縣','2024-01-08 10:46:19'),(197,'黃佳穎','mail65827@test.com','0918828166','1998-02-09','嘉義縣','2024-01-08 10:46:19'),(198,'謝佳穎','mail21331@test.com','0918714799','1987-04-17','臺中市','2024-01-08 10:46:19'),(200,'韓宜庭','mail37697@test.com','0918510176','1993-01-14','彰化縣','2024-01-08 10:46:19'),(201,'於家瑋','mail52399@test.com','0918142543','1993-12-26','臺東縣','2024-01-08 10:46:19'),(202,'許佳穎','mail22495@test.com','0918488942','1989-08-14','臺南市','2024-01-08 10:46:19'),(203,'董宜庭','mail79176@test.com','0918152540','1998-01-16','臺北市','2024-01-08 10:46:19'),(204,'郭冠霖','mail97788@test.com','0918389653','1999-09-23','雲林縣','2024-01-08 10:46:19'),(205,'彭冠宇','mail47988@test.com','0918570678','1988-08-30','澎湖縣','2024-01-08 10:46:19'),(206,'劉佳穎','mail89346@test.com','0918849640','1986-05-23','花蓮縣','2024-01-08 10:46:19'),(207,'馮宗翰','mail99944@test.com','0918963110','1986-05-23','臺南市','2024-01-08 10:46:19'),(208,'沈怡君','mail60935@test.com','0918820551','1992-01-01','澎湖縣','2024-01-08 10:46:19'),(209,'馬承翰','mail86462@test.com','0918220076','1991-01-16','新北市','2024-01-08 10:46:19'),(210,'唐郁婷','mail82113@test.com','0918670132','1987-09-16','屏東縣','2024-01-08 10:46:19'),(211,'徐詩涵','mail25315@test.com','0918939407','1999-04-18','苗栗縣','2024-01-08 10:46:19'),(212,'董佳穎','mail95185@test.com','0918163665','1986-09-19','宜蘭縣','2024-01-08 10:46:19'),(213,'黃彥廷','mail70422@test.com','0918518095','1989-11-09','嘉義市','2024-01-08 10:46:19'),(214,'沈鈺婷','mail75186@test.com','0918302241','1989-03-24','雲林縣','2024-01-08 10:46:19'),(215,'沈雅筑','mail96095@test.com','0918114658','1993-07-28','澎湖縣','2024-01-08 10:46:19'),(216,'曹郁婷','mail20797@test.com','0918364108','1992-07-06','澎湖縣','2024-01-08 10:46:19'),(217,'梁冠宇','mail61736@test.com','0918386831','1997-04-24','連江縣','2024-01-08 10:46:19'),(218,'董怡君','mail14021@test.com','0918104872','1988-11-17','宜蘭縣','2024-01-08 10:46:19'),(219,'羅鈺婷','mail72328@test.com','0918801316','1994-05-09','新北市','2024-01-08 10:46:19'),(220,'趙雅婷','mail69415@test.com','0918839660','1987-01-05','新竹市','2024-01-08 10:46:19'),(221,'許宜庭','mail54171@test.com','0918880915','1998-10-27','澎湖縣','2024-01-08 10:46:19'),(222,'孫佳穎','mail28103@test.com','0918648063','1997-11-21','新竹縣','2024-01-08 10:46:19'),(223,'彭柏翰','mail15898@test.com','0918413466','1998-03-07','連江縣','2024-01-08 10:46:19'),(224,'王柏翰','mail49916@test.com','0918338290','1997-10-10','嘉義市','2024-01-08 10:46:19'),(225,'梁雅筑','mail81252@test.com','0918246931','1994-07-21','臺中市','2024-01-08 10:46:19'),(226,'蕭怡婷','mail55700@test.com','0918479503','1994-05-26','高雄市','2024-01-08 10:46:19'),(227,'胡郁婷','mail77781@test.com','0918497122','1990-02-28','彰化縣','2024-01-08 10:46:19'),(228,'陳彥廷','mail14457@test.com','0918581260','1985-05-27','宜蘭縣','2024-01-08 10:46:19'),(229,'於怡婷','mail16991@test.com','0918750488','1992-08-10','嘉義縣','2024-01-08 10:46:19'),(230,'何冠霖','mail82823@test.com','0918516235','1987-06-11','澎湖縣','2024-01-08 10:46:19'),(231,'韓冠霖','mail80759@test.com','0918998656','1993-06-06','新竹縣','2024-01-08 10:46:19'),(232,'郭冠宇','mail13066@test.com','0918616129','1988-05-05','苗栗縣','2024-01-08 10:46:19'),(233,'趙承翰','mail15702@test.com','0918955933','1996-07-28','雲林縣','2024-01-08 10:46:19'),(234,'朱家豪','mail33190@test.com','0918284820','1999-05-24','臺北市','2024-01-08 10:46:19'),(235,'沈佳穎','mail26721@test.com','0918837968','1988-08-17','雲林縣','2024-01-08 10:46:19'),(236,'鄧怡君','mail65643@test.com','0918262341','1993-07-05','新北市','2024-01-08 10:46:19'),(237,'黃彥廷','mail69395@test.com','0918167012','1998-06-03','嘉義縣','2024-01-08 10:46:19'),(238,'彭承翰','mail80520@test.com','0918937568','1993-10-21','桃園市','2024-01-08 10:46:19'),(239,'楊雅筑','mail66579@test.com','0918739201','1995-03-07','嘉義市','2024-01-08 10:46:19'),(240,'許雅筑','mail38443@test.com','0918465819','1985-08-05','嘉義市','2024-01-08 10:46:19'),(241,'楊冠霖','mail93272@test.com','0918743290','1989-10-13','雲林縣','2024-01-08 10:46:19'),(242,'彭怡君','mail76391@test.com','0918386020','1993-04-24','新竹縣','2024-01-08 10:46:19'),(243,'曾柏翰','mail99661@test.com','0918609522','1989-11-18','澎湖縣','2024-01-08 10:46:19'),(244,'韓家瑋','mail11871@test.com','0918622140','1990-11-05','高雄市','2024-01-08 10:46:19'),(245,'曾鈺婷','mail48156@test.com','0918959286','1988-12-17','屏東縣','2024-01-08 10:46:19'),(246,'羅彥廷','mail95788@test.com','0918330482','1986-11-21','金門縣','2024-01-08 10:46:19'),(247,'陳詩涵','mail54788@test.com','0918869991','1987-11-06','桃園市','2024-01-08 10:46:19'),(248,'梁彥廷','mail65765@test.com','0918783031','1998-03-15','彰化縣','2024-01-08 10:46:19'),(249,'呂宇軒','mail58395@test.com','0918909199','1997-09-26','基隆市','2024-01-08 10:46:19'),(250,'周鈺婷','mail41875@test.com','0918175570','1990-06-01','嘉義市','2024-01-08 10:46:19'),(251,'張郁婷','mail91887@test.com','0918562350','1992-07-05','連江縣','2024-01-08 10:46:19'),(252,'徐怡君','mail10140@test.com','0918158249','1992-01-26','澎湖縣','2024-01-08 10:46:19'),(253,'傅宇軒','mail16285@test.com','0918565678','1994-11-03','臺北市','2024-01-08 10:46:19'),(254,'胡怡君','mail16037@test.com','0918566125','1989-04-15','澎湖縣','2024-01-08 10:46:19'),(255,'宋宇軒','mail59954@test.com','0918142528','1986-10-17','金門縣','2024-01-08 10:46:19'),(256,'曹雅婷','mail87374@test.com','0918403207','1993-04-11','嘉義縣','2024-01-08 10:46:19'),(258,'鄭郁婷','mail68870@test.com','0918157426','1999-05-13','臺東縣','2024-01-08 10:46:19'),(259,'唐詩涵','mail87040@test.com','0918778901','1991-04-14','臺北市','2024-01-08 10:46:19'),(260,'李承翰','mail59266@test.com','0918394275','1993-02-11','臺北市','2024-01-08 10:46:19'),(261,'袁詩涵','mail68105@test.com','0918568413','1998-03-27','臺北市','2024-01-08 10:46:19'),(262,'王佳穎','mail76742@test.com','0918961085','1986-02-10','臺中市','2024-01-08 10:46:19'),(263,'傅家豪','mail95152@test.com','0918902071','1991-11-10','臺南市','2024-01-08 10:46:19'),(264,'許鈺婷','mail88207@test.com','0918967187','1999-03-30','嘉義縣','2024-01-08 10:46:19'),(265,'朱冠廷','mail85471@test.com','0918571360','1991-09-16','高雄市','2024-01-08 10:46:19'),(266,'謝家豪','mail21975@test.com','0918622415','1992-12-15','基隆市','2024-01-08 10:46:19'),(269,'鄧宇軒','mail37325@test.com','0918586789','1989-06-09','嘉義縣','2024-01-08 10:46:19'),(270,'鄧柏翰','mail10524@test.com','0918440986','1998-08-01','嘉義縣','2024-01-08 10:46:19'),(274,'程怡君','mail43314@test.com','0918550769','1992-06-27','連江縣','2024-01-08 10:46:19'),(275,'何怡君','mail63783@test.com','0918879328','1990-02-23','屏東縣','2024-01-08 10:46:19'),(276,'董鈺婷','mail43368@test.com','0918508814','1993-11-19','南投縣','2024-01-08 10:46:19'),(278,'謝宗翰','mail61247@test.com','0918923360','1985-03-31','宜蘭縣','2024-01-08 10:46:19'),(279,'曹怡婷','mail12487@test.com','0918332732','1985-10-19','南投縣','2024-01-08 10:46:19'),(280,'蕭宇軒','mail42362@test.com','0918546221','1990-06-17','高雄市','2024-01-08 10:46:19'),(281,'謝彥廷','mail39363@test.com','0918413030','1999-10-23','嘉義市','2024-01-08 10:46:19'),(282,'楊宗翰','mail89999@test.com','0918287322','1992-11-12','苗栗縣','2024-01-08 10:46:19'),(283,'馮家瑋','mail99985@test.com','0918962089','1987-10-12','新北市','2024-01-08 10:46:19'),(284,'郭宗翰','mail54407@test.com','0918724377','1995-10-19','新竹縣','2024-01-08 10:46:19'),(285,'胡冠廷','mail24821@test.com','0918461091','1991-11-18','屏東縣','2024-01-08 10:46:19'),(286,'楊冠宇','mail73199@test.com','0918165526','1992-11-29','臺中市','2024-01-08 10:46:19'),(287,'董柏翰','mail10503@test.com','0918520667','1989-06-10','新竹縣','2024-01-08 10:46:19'),(288,'馬承翰','mail51640@test.com','0918417872','1987-10-06','臺北市','2024-01-08 10:46:19'),(289,'楊承翰','mail68377@test.com','0918279594','1992-06-06','臺北市','2024-01-08 10:46:19'),(290,'董佳穎','mail79809@test.com','0918640311','1993-07-15','宜蘭縣','2024-01-08 10:46:19'),(291,'鄧冠霖','mail42488@test.com','0918519592','1997-12-10','連江縣','2024-01-08 10:46:19'),(292,'楊雅婷','mail58360@test.com','0918184709','1998-11-26','新北市','2024-01-08 10:46:19'),(293,'朱雅筑','mail43637@test.com','0918888593','1994-12-18','新竹市','2024-01-08 10:46:19'),(294,'黃家瑋','mail96762@test.com','0918294264','1996-09-23','基隆市','2024-01-08 10:46:19'),(295,'王冠廷','mail80238@test.com','0918917881','1989-01-04','連江縣','2024-01-08 10:46:19'),(296,'程怡君','mail76337@test.com','0918312474','1999-11-13','臺中市','2024-01-08 10:46:19'),(297,'郭佳穎','mail28839@test.com','0918943443','1995-09-03','澎湖縣','2024-01-08 10:46:19'),(298,'梁怡婷','mail24346@test.com','0918734606','1998-10-27','彰化縣','2024-01-08 10:46:19'),(299,'高柏翰','mail33817@test.com','0918634688','1995-11-26','彰化縣','2024-01-08 10:46:19'),(300,'梁冠廷','mail27281@test.com','0918306804','1994-08-21','臺東縣','2024-01-08 10:46:19'),(301,'周怡君','mail68234@test.com','0918489627','1994-06-06','嘉義市','2024-01-08 10:46:19'),(302,'孫彥廷','mail94489@test.com','0918114855','1996-10-24','桃園市','2024-01-08 10:46:19'),(303,'孫承翰','mail56835@test.com','0918706113','1998-02-26','臺南市','2024-01-08 10:46:19'),(304,'孫佳穎','mail39855@test.com','0918612784','1997-12-09','基隆市','2024-01-08 10:46:19'),(305,'張承翰','mail10292@test.com','0918859063','1994-01-01','屏東縣','2024-01-08 10:46:19'),(306,'孫冠宇','mail17695@test.com','0918520378','1994-10-22','新竹市','2024-01-08 10:46:19'),(307,'孫雅筑','mail89220@test.com','0918218355','1996-09-24','連江縣','2024-01-08 10:46:19'),(308,'林怡君','mail92611@test.com','0918294196','1989-11-28','新竹市','2024-01-08 10:46:19'),(309,'馬家豪','mail70429@test.com','0918248489','1989-09-22','新北市','2024-01-08 10:46:19'),(310,'曾冠廷','mail35530@test.com','0918620892','1992-09-28','高雄市','2024-01-08 10:46:19'),(311,'黃怡婷','mail46988@test.com','0918541306','1991-07-27','金門縣','2024-01-08 10:46:19'),(312,'宋彥廷','mail17545@test.com','0918763534','1989-03-17','臺東縣','2024-01-08 10:46:19'),(313,'郭冠廷','mail94702@test.com','0918124226','1996-10-10','臺中市','2024-01-08 10:46:19'),(314,'朱宗翰','mail70873@test.com','0918363679','1987-07-28','臺南市','2024-01-08 10:46:19'),(315,'朱怡婷','mail22944@test.com','0918293936','1993-02-02','金門縣','2024-01-08 10:46:19'),(316,'朱家豪','mail25090@test.com','0918483869','1994-01-31','花蓮縣','2024-01-08 10:46:19'),(317,'沈怡君','mail60356@test.com','0918970060','1990-10-01','新竹市','2024-01-08 10:46:19'),(318,'劉詩涵','mail81416@test.com','0918883399','1996-03-25','臺北市','2024-01-08 10:46:19'),(319,'袁怡婷','mail26716@test.com','0918201011','1998-03-26','嘉義市','2024-01-08 10:46:19'),(320,'鄭家瑋','mail62506@test.com','0918495909','1997-05-14','新竹縣','2024-01-08 10:46:19'),(321,'曾家瑋','mail34626@test.com','0918303392','1987-12-03','嘉義縣','2024-01-08 10:46:19'),(322,'宋承翰','mail21798@test.com','0918338107','1995-07-10','新竹市','2024-01-08 10:46:19'),(323,'胡柏翰','mail83371@test.com','0918829553','1990-06-08','新竹市','2024-01-08 10:46:19'),(324,'韓柏翰','mail23648@test.com','0918423228','1998-07-10','連江縣','2024-01-08 10:46:19'),(325,'王宜庭','mail73486@test.com','0918768479','1994-12-20','基隆市','2024-01-08 10:46:19'),(326,'韓柏翰','mail11935@test.com','0918239518','1992-06-16','臺南市','2024-01-08 10:46:19'),(327,'鄧怡君','mail90175@test.com','0918666135','1986-04-24','桃園市','2024-01-08 10:46:19'),(328,'傅冠廷','mail21950@test.com','0918549774','1989-09-24','宜蘭縣','2024-01-08 10:46:19'),(329,'劉雅筑','mail20522@test.com','0918500217','1988-07-22','雲林縣','2024-01-08 10:46:19'),(330,'黃柏翰','mail54983@test.com','0918689838','1996-12-26','新竹縣','2024-01-08 10:46:19'),(331,'朱家瑋','mail72811@test.com','0918971415','1993-08-20','新北市','2024-01-08 10:46:19'),(332,'朱鈺婷','mail66974@test.com','0918690556','1998-02-12','高雄市','2024-01-08 10:46:19'),(333,'陳宇軒','mail45254@test.com','0918968877','1989-07-11','雲林縣','2024-01-08 10:46:19'),(334,'張冠宇','mail87801@test.com','0918817060','1998-11-01','苗栗縣','2024-01-08 10:46:19'),(335,'鄧家瑋','mail94344@test.com','0918290111','1991-01-08','彰化縣','2024-01-08 10:46:19'),(336,'林怡萱','mail45725@test.com','0918409993','1985-05-27','基隆市','2024-01-08 10:46:19'),(337,'於宇軒','mail20389@test.com','0918209926','1985-01-21','高雄市','2024-01-08 10:46:19'),(338,'馬家瑋','mail50804@test.com','0918686130','1994-03-29','彰化縣','2024-01-08 10:46:19'),(339,'吳詩涵','mail63965@test.com','0918261462','1990-05-20','雲林縣','2024-01-08 10:46:19'),(340,'彭郁婷','mail73397@test.com','0918942601','1994-02-25','臺東縣','2024-01-08 10:46:19'),(341,'郭宇軒','mail35522@test.com','0918602221','1995-05-29','雲林縣','2024-01-08 10:46:19'),(342,'吳鈺婷','mail72896@test.com','0918283787','1989-11-29','臺北市','2024-01-08 10:46:19'),(343,'呂家豪','mail40224@test.com','0918262345','1993-02-07','新竹縣','2024-01-08 10:46:19'),(344,'呂家豪','mail94632@test.com','0918802184','1992-11-19','嘉義縣','2024-01-08 10:46:19'),(345,'郭宗翰','mail55864@test.com','0918623210','1996-06-30','屏東縣','2024-01-08 10:46:19'),(346,'唐承翰','mail54320@test.com','0918453230','1996-12-06','臺中市','2024-01-08 10:46:19'),(347,'韓彥廷','mail65253@test.com','0918656922','1998-09-30','臺東縣','2024-01-08 10:46:19'),(348,'傅怡婷','mail52716@test.com','0918467057','1995-02-21','基隆市','2024-01-08 10:46:19'),(349,'馮宇軒','mail27101@test.com','0918556861','1992-05-18','桃園市','2024-01-08 10:46:19'),(350,'沈佳穎','mail61806@test.com','0918244031','1997-07-01','澎湖縣','2024-01-08 10:46:19'),(351,'於家瑋','mail49085@test.com','0918577808','1991-02-24','南投縣','2024-01-08 10:46:19'),(352,'孫承翰','mail81021@test.com','0918696508','1999-09-16','桃園市','2024-01-08 10:46:19'),(353,'曹冠廷','mail25500@test.com','0918532490','1998-06-11','新竹縣','2024-01-08 10:46:19'),(354,'黃家瑋','mail61127@test.com','0918347290','1997-02-14','彰化縣','2024-01-08 10:46:19'),(355,'宋郁婷','mail74135@test.com','0918396244','1991-03-04','南投縣','2024-01-08 10:46:19'),(356,'呂宗翰','mail25177@test.com','0918672639','1991-10-27','苗栗縣','2024-01-08 10:46:19'),(357,'程詩涵','mail32557@test.com','0918774201','1987-09-25','新竹市','2024-01-08 10:46:19'),(358,'蕭承翰','mail17793@test.com','0918897993','1986-08-23','嘉義縣','2024-01-08 10:46:19'),(359,'羅雅婷','mail35236@test.com','0918749635','1987-02-02','南投縣','2024-01-08 10:46:19'),(360,'周怡君','mail54688@test.com','0918522435','1986-10-10','桃園市','2024-01-08 10:46:19'),(361,'陳承翰','mail56855@test.com','0918411180','1990-02-06','新北市','2024-01-08 10:46:19'),(362,'何宗翰','mail24283@test.com','0918919543','1988-01-21','臺南市','2024-01-08 10:46:19'),(363,'張宗翰','mail27539@test.com','0918604956','1991-06-18','南投縣','2024-01-08 10:46:19'),(364,'袁柏翰','mail88876@test.com','0918447237','1993-06-24','宜蘭縣','2024-01-08 10:46:19'),(365,'林柏翰','mail95778@test.com','0918854639','1993-10-17','臺中市','2024-01-08 10:46:19'),(366,'於郁婷','mail67351@test.com','0918534122','1985-09-07','嘉義市','2024-01-08 10:46:19'),(367,'蕭郁婷','mail85290@test.com','0918841174','1985-08-08','宜蘭縣','2024-01-08 10:46:19'),(368,'曹怡君','mail73461@test.com','0918667480','1991-12-06','澎湖縣','2024-01-08 10:46:19'),(369,'張怡婷','mail12604@test.com','0918149156','1999-02-23','臺中市','2024-01-08 10:46:19'),(370,'宋佳穎','mail43347@test.com','0918703639','1997-05-23','臺東縣','2024-01-08 10:46:19'),(371,'徐宜庭','mail37796@test.com','0918264884','1996-06-13','屏東縣','2024-01-08 10:46:19'),(372,'謝詩涵','mail17089@test.com','0918214502','1991-06-03','基隆市','2024-01-08 10:46:19'),(373,'馮家豪','mail96552@test.com','0918799616','1989-09-09','新竹市','2024-01-08 10:46:19'),(374,'林彥廷','mail86291@test.com','0918955630','1992-07-31','屏東縣','2024-01-08 10:46:19'),(375,'許怡婷','mail27139@test.com','0918826862','1985-01-31','金門縣','2024-01-08 10:46:19'),(376,'羅佳穎','mail18973@test.com','0918151864','1997-08-04','屏東縣','2024-01-08 10:46:19'),(377,'朱雅婷','mail44995@test.com','0918457637','1990-04-23','臺北市','2024-01-08 10:46:19'),(378,'謝雅婷','mail17286@test.com','0918890783','1990-07-07','雲林縣','2024-01-08 10:46:19'),(379,'唐鈺婷','mail70292@test.com','0918456870','1987-08-17','連江縣','2024-01-08 10:46:19'),(380,'董鈺婷','mail71462@test.com','0918944331','1988-04-26','嘉義縣','2024-01-08 10:46:19'),(381,'呂鈺婷','mail37451@test.com','0918544459','1993-01-08','高雄市','2024-01-08 10:46:19'),(382,'鄭詩涵','mail38150@test.com','0918774087','1995-03-21','金門縣','2024-01-08 10:46:19'),(383,'張承翰','mail53067@test.com','0918359770','1988-05-27','新竹縣','2024-01-08 10:46:19'),(384,'周冠宇','mail19082@test.com','0918868781','1997-08-07','桃園市','2024-01-08 10:46:19'),(385,'張冠霖','mail28877@test.com','0918824533','1997-02-04','基隆市','2024-01-08 10:46:19'),(386,'吳宗翰','mail65846@test.com','0918128482','1993-01-29','嘉義縣','2024-01-08 10:46:19'),(387,'陳詩涵','mail43204@test.com','0918843344','1997-06-09','新北市','2024-01-08 10:46:19'),(388,'鄧怡君','mail91196@test.com','0918233966','1993-09-17','花蓮縣','2024-01-08 10:46:19'),(389,'於雅婷','mail20423@test.com','0918866531','1993-08-18','臺北市','2024-01-08 10:46:19'),(390,'於柏翰','mail16975@test.com','0918180130','1994-04-03','苗栗縣','2024-01-08 10:46:19'),(391,'徐冠霖','mail38369@test.com','0918618890','1986-04-23','宜蘭縣','2024-01-08 10:46:19'),(392,'蕭怡君','mail15871@test.com','0918178571','1999-06-12','金門縣','2024-01-08 10:46:19'),(393,'彭柏翰','mail24699@test.com','0918609064','1996-04-03','南投縣','2024-01-08 10:46:19'),(394,'高佳穎','mail99963@test.com','0918825617','1994-09-30','嘉義市','2024-01-08 10:46:19'),(395,'鄧雅婷','mail51108@test.com','0918500959','1994-06-16','屏東縣','2024-01-08 10:46:19'),(396,'馮郁婷','mail12058@test.com','0918519151','1997-12-21','新竹市','2024-01-08 10:46:19'),(397,'傅怡婷','mail32710@test.com','0918544058','1999-02-23','金門縣','2024-01-08 10:46:19'),(398,'劉郁婷','mail53065@test.com','0918722956','1988-08-14','嘉義縣','2024-01-08 10:46:19'),(399,'王家豪','mail41502@test.com','0918131312','1990-08-25','連江縣','2024-01-08 10:46:19'),(400,'羅怡婷','mail61623@test.com','0918851655','1992-10-11','連江縣','2024-01-08 10:46:19'),(401,'於怡君','mail57490@test.com','0918568899','1987-04-18','桃園市','2024-01-08 10:46:19'),(402,'何家豪','mail74792@test.com','0918567638','1988-06-16','彰化縣','2024-01-08 10:46:19'),(403,'胡家豪','mail22384@test.com','0918441379','1992-10-24','臺北市','2024-01-08 10:46:19'),(404,'李宗翰','mail18950@test.com','0918816434','1993-07-17','宜蘭縣','2024-01-08 10:46:19'),(405,'郭雅婷','mail57202@test.com','0918280564','1999-01-04','屏東縣','2024-01-08 10:46:19'),(406,'鄧雅筑','mail68243@test.com','0918265927','1993-11-03','金門縣','2024-01-08 10:46:19'),(407,'楊宇軒','mail64566@test.com','0918900863','1987-11-10','宜蘭縣','2024-01-08 10:46:19'),(408,'郭宗翰','mail52289@test.com','0918227741','1992-07-06','雲林縣','2024-01-08 10:46:19'),(409,'彭雅婷','mail57179@test.com','0918571540','1986-08-18','新竹縣','2024-01-08 10:46:19'),(410,'李宇軒','mail55405@test.com','0918274079','1985-11-18','澎湖縣','2024-01-08 10:46:19'),(411,'馬宇軒','mail31458@test.com','0918441574','1994-02-21','新竹市','2024-01-08 10:46:19'),(412,'曾佳穎','mail90155@test.com','0918717913','1988-06-17','臺東縣','2024-01-08 10:46:19'),(413,'黃柏翰','mail53308@test.com','0918673337','1998-12-05','基隆市','2024-01-08 10:46:19'),(414,'何雅婷','mail89481@test.com','0918381675','1990-11-30','臺中市','2024-01-08 10:46:19'),(415,'傅佳穎','mail68750@test.com','0918164078','1988-03-31','臺南市','2024-01-08 10:46:19'),(416,'梁鈺婷','mail90237@test.com','0918679219','1990-08-21','彰化縣','2024-01-08 10:46:19'),(417,'李冠廷','mail95867@test.com','0918258559','1997-09-02','臺中市','2024-01-08 10:46:19'),(418,'李怡君','mail62722@test.com','0918140065','1986-12-23','嘉義縣','2024-01-08 10:46:19'),(419,'徐雅婷','mail43877@test.com','0918640472','1995-07-09','南投縣','2024-01-08 10:46:19'),(420,'朱冠廷','mail80487@test.com','0918182411','1997-09-16','苗栗縣','2024-01-08 10:46:19'),(421,'唐佳穎','mail55172@test.com','0918225233','1986-02-03','屏東縣','2024-01-08 10:46:19'),(422,'蕭怡婷','mail98026@test.com','0918710085','1989-04-02','苗栗縣','2024-01-08 10:46:19'),(423,'陳詩涵','mail65244@test.com','0918988300','1985-12-25','新竹市','2024-01-08 10:46:19'),(424,'劉承翰','mail50554@test.com','0918964416','1992-07-02','南投縣','2024-01-08 10:46:19'),(425,'唐雅筑','mail74626@test.com','0918519285','1997-12-25','桃園市','2024-01-08 10:46:19'),(426,'朱郁婷','mail91848@test.com','0918348581','1996-09-05','宜蘭縣','2024-01-08 10:46:19'),(427,'蕭怡婷','mail24697@test.com','0918444577','1990-09-07','臺南市','2024-01-08 10:46:19'),(428,'於宜庭','mail80807@test.com','0918492994','1990-09-12','雲林縣','2024-01-08 10:46:19'),(429,'傅家瑋','mail89959@test.com','0918276375','1991-08-14','澎湖縣','2024-01-08 10:46:19'),(430,'孫柏翰','mail45204@test.com','0918225711','1991-03-28','新竹縣','2024-01-08 10:46:19'),(431,'胡佳穎','mail59736@test.com','0918139464','1996-10-18','新竹縣','2024-01-08 10:46:19'),(432,'徐家豪','mail38255@test.com','0918675929','1998-10-04','連江縣','2024-01-08 10:46:19'),(433,'楊家豪','mail97659@test.com','0918362355','1997-12-31','臺東縣','2024-01-08 10:46:19'),(434,'梁柏翰','mail79819@test.com','0918948162','1985-05-06','臺南市','2024-01-08 10:46:19'),(435,'馮冠霖','mail88463@test.com','0918228429','1986-11-15','嘉義縣','2024-01-08 10:46:19'),(436,'梁怡君','mail86488@test.com','0918935505','1986-03-29','澎湖縣','2024-01-08 10:46:19'),(437,'郭佳穎','mail81595@test.com','0918554483','1988-08-01','南投縣','2024-01-08 10:46:19'),(438,'陳怡萱','mail48728@test.com','0918159412','1990-10-23','屏東縣','2024-01-08 10:46:19'),(439,'李怡君','mail71210@test.com','0918254841','1990-09-26','臺東縣','2024-01-08 10:46:19'),(440,'梁宇軒','mail90435@test.com','0918973991','1999-06-24','苗栗縣','2024-01-08 10:46:19'),(441,'黃詩涵','mail46421@test.com','0918763008','1996-01-28','彰化縣','2024-01-08 10:46:19'),(442,'傅宜庭','mail91849@test.com','0918443642','1988-11-13','臺中市','2024-01-08 10:46:19'),(443,'曾雅婷','mail99582@test.com','0918739508','1989-03-16','新竹市','2024-01-08 10:46:19'),(444,'唐宗翰','mail50836@test.com','0918778677','1986-06-11','宜蘭縣','2024-01-08 10:46:19'),(445,'王冠廷','mail98344@test.com','0918663546','1999-07-20','新竹縣','2024-01-08 10:46:19'),(446,'沈佳穎','mail26869@test.com','0918252593','1992-12-07','雲林縣','2024-01-08 10:46:19'),(447,'何家瑋','mail62181@test.com','0918231422','1987-08-25','金門縣','2024-01-08 10:46:19'),(448,'孫怡君','mail99527@test.com','0918979425','1998-05-21','基隆市','2024-01-08 10:46:19'),(449,'王柏翰','mail76599@test.com','0918130349','1989-07-07','澎湖縣','2024-01-08 10:46:19'),(450,'蕭家瑋','mail50744@test.com','0918606138','1990-10-27','金門縣','2024-01-08 10:46:19'),(451,'胡冠宇','mail33103@test.com','0918162813','1997-03-04','連江縣','2024-01-08 10:46:19'),(452,'朱柏翰','mail58566@test.com','0918732197','1999-02-15','新竹市','2024-01-08 10:46:19'),(453,'梁承翰','mail79939@test.com','0918699947','1986-01-23','南投縣','2024-01-08 10:46:19'),(454,'高郁婷','mail63974@test.com','0918685444','1996-06-24','彰化縣','2024-01-08 10:46:19'),(455,'許冠廷','mail67753@test.com','0918888147','1999-09-17','臺中市','2024-01-08 10:46:19'),(456,'梁冠宇','mail40985@test.com','0918797098','1999-04-27','桃園市','2024-01-08 10:46:19'),(457,'謝宇軒','mail44136@test.com','0918453883','1994-07-28','花蓮縣','2024-01-08 10:46:19'),(458,'唐怡萱','mail49787@test.com','0918452150','1997-08-03','新竹市','2024-01-08 10:46:19'),(459,'徐雅筑','mail66660@test.com','0918351458','1996-08-08','嘉義市','2024-01-08 10:46:19'),(460,'馮詩涵','mail73197@test.com','0918904394','1986-12-14','新竹市','2024-01-08 10:46:19'),(461,'韓彥廷','mail79634@test.com','0918170593','1997-06-08','臺東縣','2024-01-08 10:46:19'),(462,'彭鈺婷','mail85214@test.com','0918120198','1990-12-09','基隆市','2024-01-08 10:46:19'),(463,'陳承翰','mail52069@test.com','0918866544','1989-04-01','屏東縣','2024-01-08 10:46:19'),(464,'劉冠宇','mail42834@test.com','0918430833','1995-10-13','南投縣','2024-01-08 10:46:19'),(465,'許冠宇','mail32830@test.com','0918816072','1994-01-20','基隆市','2024-01-08 10:46:19'),(466,'謝承翰','mail26965@test.com','0918614011','1990-01-24','臺東縣','2024-01-08 10:46:19'),(467,'唐冠霖','mail43739@test.com','0918476493','1996-04-20','臺北市','2024-01-08 10:46:19'),(468,'朱宇軒','mail49109@test.com','0918226970','1990-08-17','雲林縣','2024-01-08 10:46:19'),(477,'程彥廷','mail26172@test.com','0918307805','1998-03-26','雲林縣','2024-01-08 10:46:19'),(478,'劉怡婷','mail50244@test.com','0918952673','1993-01-23','臺北市','2024-01-08 10:46:19'),(479,'蕭彥廷','mail37626@test.com','0918806082','1986-06-17','金門縣','2024-01-08 10:46:19'),(480,'吳宗翰','mail23316@test.com','0918313781','1996-11-28','臺東縣','2024-01-08 10:46:19'),(483,'劉雅婷','mail44883@test.com','0918708367','1991-10-14','嘉義縣','2024-01-08 10:46:19'),(484,'宋雅婷','mail81560@test.com','0918549282','1985-12-11','新竹縣','2024-01-08 10:46:19'),(485,'朱冠宇','mail79243@test.com','0918290181','1994-01-08','嘉義市','2024-01-08 10:46:19'),(486,'馮宇軒','mail37788@test.com','0918776658','1989-10-31','新北市','2024-01-08 10:46:19'),(487,'高冠宇','mail98374@test.com','0918726605','1998-09-13','新北市','2024-01-08 10:46:19'),(488,'鄭家瑋','mail21773@test.com','0918671883','1999-07-28','南投縣','2024-01-08 10:46:19'),(489,'曹宇軒','mail53771@test.com','0918482627','1995-12-06','連江縣','2024-01-08 10:46:19'),(490,'梁怡婷','mail11598@test.com','0918791424','1996-01-31','臺中市','2024-01-08 10:46:19'),(491,'郭宇軒','mail83464@test.com','0918904970','1985-04-26','金門縣','2024-01-08 10:46:19'),(492,'呂冠霖','mail34063@test.com','0918191119','1999-09-04','高雄市','2024-01-08 10:46:19'),(493,'林冠霖','mail76629@test.com','0918367630','1989-05-15','嘉義市','2024-01-08 10:46:19'),(494,'張承翰','mail88319@test.com','0918498795','1998-02-01','花蓮縣','2024-01-08 10:46:19'),(495,'鄭宗翰','mail61396@test.com','0918639066','1986-01-06','嘉義縣','2024-01-08 10:46:19'),(496,'高宇軒','mail53438@test.com','0918837726','1987-06-22','臺南市','2024-01-08 10:46:19'),(497,'許柏翰','mail12679@test.com','0918308092','1998-04-28','新竹市','2024-01-08 10:46:19'),(498,'孫彥廷','mail14628@test.com','0918212272','1993-03-17','嘉義縣','2024-01-08 10:46:19'),(499,'呂雅筑','mail20786@test.com','0918391294','1996-06-01','花蓮縣','2024-01-08 10:46:19'),(500,'袁怡婷','mail70393@test.com','0918506428','1993-07-13','高雄市','2024-01-08 10:46:19'),(501,'周彥廷','mail60689@test.com','0918441556','1990-03-31','彰化縣','2024-01-08 10:46:19'),(502,'劉怡婷','mail29339@test.com','0918907411','1995-01-14','新竹市','2024-01-08 10:46:19'),(503,'於雅婷','mail83683@test.com','0918597403','1990-09-14','連江縣','2024-01-08 10:46:19'),(504,'趙郁婷','mail53716@test.com','0918534656','1997-07-15','金門縣','2024-01-08 10:46:19'),(505,'徐家豪','mail42110@test.com','0918563750','1998-03-25','澎湖縣','2024-01-08 10:46:19'),(506,'楊宗翰','mail42491@test.com','0918466006','1994-01-27','苗栗縣','2024-01-08 10:46:19'),(507,'郭冠廷','mail31626@test.com','0918942071','1991-07-21','桃園市','2024-01-08 10:46:19'),(508,'趙佳穎','mail30388@test.com','0918912195','1985-10-27','宜蘭縣','2024-01-08 10:46:19'),(509,'李冠霖','mail53608@test.com','0918873266','1989-05-11','澎湖縣','2024-01-08 10:46:19'),(510,'沈怡婷','mail17123@test.com','0918974184','1988-05-06','苗栗縣','2024-01-08 10:46:19'),(511,'馮宇軒','mail59100@test.com','0918581282','1985-06-09','新竹市','2024-01-08 10:46:19'),(512,'徐怡婷','mail13577@test.com','0918247624','1993-11-12','臺中市','2024-01-08 10:46:19'),(513,'趙宜庭','mail13219@test.com','0918805106','1986-09-03','雲林縣','2024-01-08 10:46:19'),(514,'陳詩涵','mail47375@test.com','0918360760','1999-04-29','新竹市','2024-01-08 10:46:19'),(515,'馬怡萱','mail21008@test.com','0918241885','1996-02-03','臺北市','2024-01-08 10:46:19'),(516,'劉雅筑','mail94615@test.com','0918196210','1993-03-08','新竹縣','2024-01-08 10:46:19'),(517,'彭彥廷','mail81054@test.com','0918307182','1986-02-17','金門縣','2024-01-08 10:46:19'),(518,'謝雅婷','mail85939@test.com','0918480370','1997-07-12','臺南市','2024-01-08 10:46:19'),(519,'馬怡婷','mail47627@test.com','0918348848','1990-02-26','新竹市','2024-01-08 10:46:19'),(520,'羅承翰','mail19648@test.com','0918418892','1995-01-29','基隆市','2024-01-08 10:46:19'),(521,'沈怡萱','mail27488@test.com','0918217405','1985-04-14','澎湖縣','2024-01-08 10:46:19'),(522,'董鈺婷','mail59643@test.com','0918890816','1985-11-23','嘉義市','2024-01-08 10:46:19'),(523,'高雅筑','mail11281@test.com','0918114532','1989-03-29','臺東縣','2024-01-08 10:46:19'),(524,'黃佳穎','mail66616@test.com','0918101012','1996-08-26','新竹縣','2024-01-08 10:46:19'),(525,'董冠宇','mail77127@test.com','0918434771','1992-02-03','苗栗縣','2024-01-08 10:46:19'),(526,'郭宇軒','mail98936@test.com','0918308282','1999-01-22','南投縣','2024-01-08 10:46:19'),(527,'馮家瑋','mail66300@test.com','0918991892','1994-05-02','臺東縣','2024-01-08 10:46:19'),(528,'袁家豪','mail94296@test.com','0918264269','1998-02-27','嘉義市','2024-01-08 10:46:19'),(529,'趙郁婷','mail86704@test.com','0918262657','1986-05-10','臺南市','2024-01-08 10:46:19'),(530,'王冠宇','mail53562@test.com','0918667742','1985-12-04','彰化縣','2024-01-08 10:46:19'),(531,'曾郁婷','mail27009@test.com','0918549217','1986-04-05','嘉義市','2024-01-08 10:46:19'),(532,'梁宜庭','mail80306@test.com','0918105156','1995-10-27','苗栗縣','2024-01-08 10:46:19'),(533,'沈柏翰','mail33527@test.com','0918226841','1993-07-14','花蓮縣','2024-01-08 10:46:19'),(534,'高宜庭','mail91885@test.com','0918119522','1999-10-29','新竹市','2024-01-08 10:46:19'),(535,'彭怡萱','mail44918@test.com','0918975877','1997-05-27','連江縣','2024-01-08 10:46:19'),(536,'孫承翰','mail30493@test.com','0918598485','1987-03-19','花蓮縣','2024-01-08 10:46:19'),(537,'郭詩涵','mail86935@test.com','0918759528','1993-01-07','金門縣','2024-01-08 10:46:19'),(538,'張宗翰','mail56407@test.com','0918641500','1989-05-08','花蓮縣','2024-01-08 10:46:19'),(539,'沈冠廷','mail11754@test.com','0918493308','1992-07-06','金門縣','2024-01-08 10:46:19'),(540,'謝家豪','mail56201@test.com','0918158660','1996-09-10','嘉義縣','2024-01-08 10:46:19'),(541,'楊承翰','mail72302@test.com','0918839984','1988-12-12','屏東縣','2024-01-08 10:46:19'),(542,'沈宇軒','mail21131@test.com','0918983607','1990-07-31','花蓮縣','2024-01-08 10:46:19'),(543,'高柏翰','mail97381@test.com','0918480027','1992-11-04','新北市','2024-01-08 10:46:19'),(544,'張冠霖','mail17671@test.com','0918316298','1988-07-05','嘉義市','2024-01-08 10:46:19'),(545,'梁冠廷','mail75634@test.com','0918294690','1989-11-19','基隆市','2024-01-08 10:46:19'),(546,'郭承翰','mail19484@test.com','0918100095','1994-05-07','屏東縣','2024-01-08 10:46:19'),(548,'曾宇軒','mail69099@test.com','0918176579','1992-08-28','花蓮縣','2024-01-08 10:46:19'),(549,'郭詩涵','mail12210@test.com','0918784908','1992-07-23','桃園市','2024-01-08 10:46:19'),(550,'蕭冠廷','mail67986@test.com','0918114697','1987-03-22','澎湖縣','2024-01-08 10:46:19'),(552,'程佳穎','mail96654@test.com','0918459295','1992-07-14','嘉義縣','2024-01-08 10:46:19'),(553,'羅宜庭','mail92195@test.com','0918150536','1985-01-28','金門縣','2024-01-08 10:46:19'),(554,'馬承翰','mail34460@test.com','0918735215','1986-01-04','苗栗縣','2024-01-08 10:46:19'),(555,'張彥廷','mail94303@test.com','0918957211','1991-08-08','臺中市','2024-01-08 10:46:19'),(556,'孫宗翰','mail46773@test.com','0918148978','1986-05-20','新竹市','2024-01-08 10:46:19'),(557,'馬怡萱','mail59903@test.com','0918477263','1989-10-28','嘉義市','2024-01-08 10:46:19'),(558,'董怡君','mail56598@test.com','0918984763','1992-11-09','花蓮縣','2024-01-08 10:46:19'),(559,'宋郁婷','mail60227@test.com','0918353780','1985-06-21','彰化縣','2024-01-08 10:46:19'),(560,'曹冠廷','mail39190@test.com','0918969033','1986-07-12','宜蘭縣','2024-01-08 10:46:19'),(561,'孫宇軒','mail34671@test.com','0918166697','1993-10-13','苗栗縣','2024-01-08 10:46:19'),(562,'唐冠宇','mail96699@test.com','0918724507','1986-04-14','臺南市','2024-01-08 10:46:19'),(563,'朱冠廷','mail13125@test.com','0918282892','1991-11-17','新竹縣','2024-01-08 10:46:19'),(564,'劉冠宇','mail46677@test.com','0918209905','1996-06-19','南投縣','2024-01-08 10:46:19'),(565,'於家瑋','mail23655@test.com','0918889371','1990-08-05','高雄市','2024-01-08 10:46:19'),(566,'唐冠宇','mail12799@test.com','0918580075','1999-12-09','金門縣','2024-01-08 10:46:19'),(567,'曾怡婷','mail44912@test.com','0918102292','1999-02-18','澎湖縣','2024-01-08 10:46:19'),(568,'胡冠廷','mail53782@test.com','0918104836','1991-09-23','新竹市','2024-01-08 10:46:19'),(569,'何冠宇','mail58135@test.com','0918667605','1990-08-10','新竹市','2024-01-08 10:46:19'),(570,'趙家豪','mail66205@test.com','0918969795','1993-12-01','基隆市','2024-01-08 10:46:19'),(571,'鄧承翰','mail84162@test.com','0918201607','1988-07-30','新竹縣','2024-01-08 10:46:19'),(572,'馬詩涵','mail45562@test.com','0918340962','1994-10-30','臺中市','2024-01-08 10:46:19'),(573,'馮家瑋','mail55858@test.com','0918816309','1998-03-03','雲林縣','2024-01-08 10:46:19'),(574,'鄭鈺婷','mail47487@test.com','0918709317','1993-06-18','彰化縣','2024-01-08 10:46:19'),(575,'張承翰','mail61816@test.com','0918997239','1986-09-24','基隆市','2024-01-08 10:46:19'),(576,'曾彥廷','mail18594@test.com','0918527902','1998-01-11','臺東縣','2024-01-08 10:46:19'),(577,'彭家瑋','mail28799@test.com','0918555650','1993-06-30','苗栗縣','2024-01-08 10:46:19'),(578,'於怡婷','mail29110@test.com','0918943038','1986-10-25','嘉義市','2024-01-08 10:46:19'),(579,'羅詩涵','mail28974@test.com','0918110639','1986-06-14','連江縣','2024-01-08 10:46:19'),(580,'唐柏翰','mail60481@test.com','0918305281','1996-02-02','嘉義縣','2024-01-08 10:46:19'),(581,'謝宇軒','mail56440@test.com','0918701582','1990-06-08','臺南市','2024-01-08 10:46:19'),(582,'呂家瑋','mail95734@test.com','0918922644','1995-06-02','南投縣','2024-01-08 10:46:19'),(583,'呂詩涵','mail80668@test.com','0918586223','1994-08-06','澎湖縣','2024-01-08 10:46:19'),(584,'馬冠宇','mail66742@test.com','0918368757','1995-07-10','雲林縣','2024-01-08 10:46:19'),(585,'林家豪','mail24409@test.com','0918744048','1986-03-09','金門縣','2024-01-08 10:46:19'),(586,'許彥廷','mail79126@test.com','0918622253','1991-05-19','花蓮縣','2024-01-08 10:46:19'),(587,'林宇軒','mail29599@test.com','0918857566','1992-03-03','宜蘭縣','2024-01-08 10:46:19'),(588,'於怡君','mail17315@test.com','0918695771','1998-08-28','彰化縣','2024-01-08 10:46:19'),(589,'蕭怡君','mail69240@test.com','0918573215','1992-02-10','臺南市','2024-01-08 10:46:19'),(590,'董郁婷','mail55101@test.com','0918636920','1996-09-14','臺中市','2024-01-08 10:46:19'),(591,'趙雅婷','mail71285@test.com','0918600670','1999-12-25','南投縣','2024-01-08 10:46:19'),(592,'袁郁婷','mail77887@test.com','0918826380','1988-03-31','臺北市','2024-01-08 10:46:19'),(593,'李宜庭','mail55079@test.com','0918878707','1997-07-19','臺南市','2024-01-08 10:46:19'),(594,'曹家瑋','mail77168@test.com','0918926747','1986-07-02','新竹市','2024-01-08 10:46:19'),(595,'陳家豪','mail75356@test.com','0918389190','1992-01-16','宜蘭縣','2024-01-08 10:46:19'),(596,'何雅筑','mail86159@test.com','0918214888','1992-06-24','金門縣','2024-01-08 10:46:19'),(597,'梁承翰','mail51965@test.com','0918956664','1998-05-08','雲林縣','2024-01-08 10:46:19'),(598,'李家豪','mail71866@test.com','0918549528','1990-11-29','澎湖縣','2024-01-08 10:46:19'),(599,'彭怡萱','mail87093@test.com','0918252538','1993-11-20','高雄市','2024-01-08 10:46:19'),(600,'鄧詩涵','mail96657@test.com','0918239555','1998-05-05','桃園市','2024-01-08 10:46:19'),(601,'朱柏翰','mail91923@test.com','0918197738','1990-05-05','花蓮縣','2024-01-08 10:46:19'),(602,'沈雅筑','mail56061@test.com','0918599985','1995-11-22','臺南市','2024-01-08 10:46:19'),(603,'謝彥廷','mail74280@test.com','0918431624','1989-08-26','基隆市','2024-01-08 10:46:19'),(604,'於怡君','mail59563@test.com','0918320891','1985-04-29','連江縣','2024-01-08 10:46:19'),(605,'周佳穎','mail71399@test.com','0918430414','1993-08-07','宜蘭縣','2024-01-08 10:46:19'),(606,'宋宗翰','mail95896@test.com','0918388148','1993-09-09','新竹縣','2024-01-08 10:46:19'),(607,'陳柏翰','mail42469@test.com','0918256624','1997-02-06','屏東縣','2024-01-08 10:46:19'),(608,'謝宗翰','mail47207@test.com','0918913708','1994-06-28','苗栗縣','2024-01-08 10:46:19'),(609,'張冠霖','mail68897@test.com','0918126777','1986-02-08','嘉義市','2024-01-08 10:46:19'),(610,'於詩涵','mail26505@test.com','0918444656','1998-02-17','澎湖縣','2024-01-08 10:46:19'),(611,'郭家瑋','mail50195@test.com','0918394136','1998-04-10','金門縣','2024-01-08 10:46:19'),(612,'李冠霖','mail24051@test.com','0918923777','1987-04-05','雲林縣','2024-01-08 10:46:19'),(613,'董雅筑','mail61126@test.com','0918123085','1993-05-27','花蓮縣','2024-01-08 10:46:19'),(614,'沈冠宇','mail17990@test.com','0918222380','1995-04-03','南投縣','2024-01-08 10:46:19'),(615,'袁郁婷','mail43954@test.com','0918131201','1992-09-20','臺東縣','2024-01-08 10:46:19'),(616,'蕭怡婷','mail32630@test.com','0918940804','1988-11-02','新北市','2024-01-08 10:46:19'),(617,'曾雅筑','mail36835@test.com','0918862030','1986-06-15','高雄市','2024-01-08 10:46:19'),(618,'羅雅筑','mail84689@test.com','0918690514','1996-07-24','嘉義市','2024-01-08 10:46:19'),(619,'黃家豪','mail69201@test.com','0918268306','1995-06-07','臺北市','2024-01-08 10:46:19'),(620,'袁柏翰','mail69463@test.com','0918826610','1989-07-11','基隆市','2024-01-08 10:46:19'),(621,'高郁婷','mail23161@test.com','0918432466','1997-01-30','嘉義縣','2024-01-08 10:46:19'),(622,'謝冠霖','mail19818@test.com','0918970934','1995-12-27','南投縣','2024-01-08 10:46:19'),(623,'曹詩涵','mail64791@test.com','0918914773','1990-09-05','新竹市','2024-01-08 10:46:19'),(624,'鄭彥廷','mail52915@test.com','0918327858','1987-08-19','宜蘭縣','2024-01-08 10:46:19'),(625,'朱宗翰','mail85974@test.com','0918638684','1998-10-30','澎湖縣','2024-01-08 10:46:19'),(626,'林宇軒','mail98775@test.com','0918909714','1998-10-31','嘉義市','2024-01-08 10:46:19'),(627,'朱宗翰','mail26911@test.com','0918544774','1994-01-30','雲林縣','2024-01-08 10:46:19'),(628,'董宗翰','mail93467@test.com','0918473215','1997-11-25','雲林縣','2024-01-08 10:46:19'),(629,'梁怡萱','mail94397@test.com','0918670533','1996-05-05','高雄市','2024-01-08 10:46:19'),(630,'王宗翰','mail51957@test.com','0918544527','1988-01-02','雲林縣','2024-01-08 10:46:19'),(631,'張宗翰','mail59564@test.com','0918445608','1991-08-31','基隆市','2024-01-08 10:46:19'),(632,'朱雅婷','mail73963@test.com','0918163781','1999-12-28','嘉義縣','2024-01-08 10:46:19'),(633,'林宇軒','mail93137@test.com','0918443549','1985-03-22','新竹市','2024-01-08 10:46:19'),(634,'梁彥廷','mail42725@test.com','0918740811','1988-01-10','臺南市','2024-01-08 10:46:19'),(635,'林雅婷','mail41193@test.com','0918576293','1985-11-29','臺北市','2024-01-08 10:46:19'),(636,'董承翰','mail70497@test.com','0918350263','1988-07-07','嘉義市','2024-01-08 10:46:19'),(637,'孫詩涵','mail82986@test.com','0918371894','1987-07-16','桃園市','2024-01-08 10:46:19'),(638,'唐柏翰','mail47596@test.com','0918483680','1990-01-10','彰化縣','2024-01-08 10:46:19'),(639,'胡彥廷','mail40652@test.com','0918835961','1995-05-28','高雄市','2024-01-08 10:46:19'),(640,'曹怡萱','mail35608@test.com','0918334661','1985-08-23','嘉義市','2024-01-08 10:46:19'),(641,'朱宗翰','mail59216@test.com','0918496387','1991-03-06','臺中市','2024-01-08 10:46:19'),(642,'朱宇軒','mail65730@test.com','0918764930','1989-02-06','彰化縣','2024-01-08 10:46:19'),(643,'陳詩涵','mail37395@test.com','0918327759','1988-11-26','金門縣','2024-01-08 10:46:19'),(644,'梁雅筑','mail79217@test.com','0918112966','1987-02-03','花蓮縣','2024-01-08 10:46:19'),(645,'周家瑋','mail23347@test.com','0918539713','1995-11-29','嘉義市','2024-01-08 10:46:19'),(646,'高冠霖','mail48524@test.com','0918393498','1988-11-09','基隆市','2024-01-08 10:46:19'),(647,'韓冠霖','mail51009@test.com','0918696118','1991-10-10','臺中市','2024-01-08 10:46:19'),(648,'韓柏翰','mail69158@test.com','0918546073','1992-12-02','新竹縣','2024-01-08 10:46:19'),(649,'楊家豪','mail24175@test.com','0918408515','1996-04-24','新北市','2024-01-08 10:46:19'),(650,'胡怡萱','mail70648@test.com','0918648084','1989-08-18','澎湖縣','2024-01-08 10:46:19'),(651,'李宗翰','mail79800@test.com','0918440964','1997-05-01','彰化縣','2024-01-08 10:46:19'),(652,'黃郁婷','mail41138@test.com','0918335727','1992-04-21','嘉義縣','2024-01-08 10:46:19'),(653,'呂郁婷','mail52343@test.com','0918613059','1993-12-13','屏東縣','2024-01-08 10:46:19'),(654,'呂承翰','mail23816@test.com','0918339581','1988-12-05','臺南市','2024-01-08 10:46:19'),(655,'曹怡萱','mail30555@test.com','0918943002','1994-02-25','澎湖縣','2024-01-08 10:46:19'),(656,'吳冠廷','mail66161@test.com','0918721915','1994-08-23','新竹市','2024-01-08 10:46:19'),(657,'楊家瑋','mail37459@test.com','0918120741','1995-12-28','屏東縣','2024-01-08 10:46:19'),(658,'許宗翰','mail99628@test.com','0918456235','1992-01-23','彰化縣','2024-01-08 10:46:19'),(659,'沈宜庭','mail97587@test.com','0918691857','1997-06-27','基隆市','2024-01-08 10:46:19'),(660,'董宗翰','mail49953@test.com','0918424312','1990-01-13','嘉義市','2024-01-08 10:46:19'),(661,'陳冠廷','mail78050@test.com','0918254943','1995-08-07','桃園市','2024-01-08 10:46:19'),(662,'羅冠宇','mail38777@test.com','0918172182','1990-06-18','新北市','2024-01-08 10:46:19'),(663,'黃彥廷','mail13176@test.com','0918961399','1995-06-17','苗栗縣','2024-01-08 10:46:19'),(664,'呂鈺婷','mail17811@test.com','0918500365','1992-06-04','新竹市','2024-01-08 10:46:19'),(665,'楊詩涵','mail53516@test.com','0918854077','1992-09-12','臺中市','2024-01-08 10:46:19'),(666,'韓雅筑','mail12083@test.com','0918324277','1997-04-16','苗栗縣','2024-01-08 10:46:19'),(667,'周承翰','mail63194@test.com','0918907230','1986-11-12','花蓮縣','2024-01-08 10:46:19'),(668,'林冠廷','mail46628@test.com','0918381251','1985-02-18','花蓮縣','2024-01-08 10:46:19'),(669,'孫家豪','mail30763@test.com','0918371820','1998-11-02','宜蘭縣','2024-01-08 10:46:19'),(670,'朱詩涵','mail80922@test.com','0918331934','1985-12-07','桃園市','2024-01-08 10:46:19'),(671,'袁雅婷','mail79162@test.com','0918796280','1999-12-23','雲林縣','2024-01-08 10:46:19'),(672,'王佳穎','mail67264@test.com','0918152092','1993-11-12','新竹市','2024-01-08 10:46:19'),(673,'傅冠廷','mail54144@test.com','0918557658','1989-06-24','彰化縣','2024-01-08 10:46:19'),(674,'林鈺婷','mail20099@test.com','0918291625','1992-08-02','嘉義縣','2024-01-08 10:46:19'),(675,'鄭宇軒','mail49779@test.com','0918441609','1995-07-28','臺南市','2024-01-08 10:46:19'),(676,'許雅筑','mail92782@test.com','0918459038','1989-01-03','花蓮縣','2024-01-08 10:46:19'),(677,'孫冠宇','mail57851@test.com','0918155375','1989-06-03','宜蘭縣','2024-01-08 10:46:19'),(678,'楊柏翰','mail32169@test.com','0918449362','1989-09-19','臺北市','2024-01-08 10:46:19'),(679,'陳宇軒','mail30971@test.com','0918118307','1992-02-17','澎湖縣','2024-01-08 10:46:19'),(680,'馬怡君','mail20581@test.com','0918717178','1988-10-14','臺南市','2024-01-08 10:46:19'),(681,'於怡萱','mail27407@test.com','0918794194','1997-11-05','高雄市','2024-01-08 10:46:19'),(682,'傅怡婷','mail78229@test.com','0918494847','1995-03-06','金門縣','2024-01-08 10:46:19'),(683,'宋怡萱','mail46719@test.com','0918831953','1985-04-08','臺中市','2024-01-08 10:46:19'),(684,'吳冠宇','mail36335@test.com','0918704760','1997-06-08','連江縣','2024-01-08 10:46:19'),(685,'曾彥廷','mail91876@test.com','0918522873','1997-08-09','雲林縣','2024-01-08 10:46:19'),(686,'朱柏翰','mail24127@test.com','0918156641','1996-05-26','基隆市','2024-01-08 10:46:19'),(687,'蕭家瑋','mail25025@test.com','0918552468','1993-05-10','臺北市','2024-01-08 10:46:19'),(688,'徐郁婷','mail32987@test.com','0918563505','1996-03-23','臺東縣','2024-01-08 10:46:19'),(689,'蕭雅婷','mail16488@test.com','0918477432','1987-10-25','金門縣','2024-01-08 10:46:19'),(690,'曾宜庭','mail11921@test.com','0918403827','1988-12-11','新竹縣','2024-01-08 10:46:19'),(691,'袁柏翰','mail64854@test.com','0918722249','1994-01-09','高雄市','2024-01-08 10:46:19'),(692,'朱鈺婷','mail73657@test.com','0918849067','1996-08-26','新竹市','2024-01-08 10:46:19'),(693,'朱冠廷','mail39904@test.com','0918415454','1986-11-02','雲林縣','2024-01-08 10:46:19'),(694,'楊家瑋','mail47394@test.com','0918865220','1995-05-03','臺東縣','2024-01-08 10:46:19'),(695,'羅家豪','mail72561@test.com','0918833286','1995-05-21','桃園市','2024-01-08 10:46:19'),(696,'曹宗翰','mail14439@test.com','0918481483','1986-05-30','新北市','2024-01-08 10:46:19'),(697,'羅怡君','mail96255@test.com','0918970015','1990-03-06','新北市','2024-01-08 10:46:19'),(698,'高鈺婷','mail24783@test.com','0918597411','1989-10-01','基隆市','2024-01-08 10:46:19'),(699,'吳怡君','mail38837@test.com','0918969448','1985-11-16','嘉義市','2024-01-08 10:46:19'),(700,'孫彥廷','mail47873@test.com','0918413883','1996-04-13','嘉義市','2024-01-08 10:46:19'),(701,'蕭宇軒','mail94226@test.com','0918642353','1986-10-07','苗栗縣','2024-01-08 10:46:19'),(702,'沈怡君','mail47754@test.com','0918736530','1987-02-10','花蓮縣','2024-01-08 10:46:19'),(703,'何承翰','mail68433@test.com','0918131428','1993-04-23','苗栗縣','2024-01-08 10:46:19'),(704,'胡家瑋','mail86228@test.com','0918449429','1999-01-11','彰化縣','2024-01-08 10:46:19'),(705,'林宗翰','mail98106@test.com','0918837236','1991-05-11','基隆市','2024-01-08 10:46:19'),(706,'曹宜庭','mail58863@test.com','0918971433','1990-02-04','連江縣','2024-01-08 10:46:19'),(707,'胡冠宇','mail21052@test.com','0918376476','1985-05-12','高雄市','2024-01-08 10:46:19'),(708,'傅雅婷','mail10777@test.com','0918718685','1994-02-26','臺東縣','2024-01-08 10:46:19'),(709,'鄭雅筑','mail59395@test.com','0918878443','1991-08-16','南投縣','2024-01-08 10:46:19'),(710,'羅鈺婷','mail23439@test.com','0918391726','1990-03-03','連江縣','2024-01-08 10:46:19'),(711,'曾柏翰','mail26177@test.com','0918479331','1994-01-23','桃園市','2024-01-08 10:46:19'),(712,'林承翰','mail35072@test.com','0918479395','1996-10-15','苗栗縣','2024-01-08 10:46:19'),(713,'程承翰','mail25020@test.com','0918521530','1989-04-16','新竹縣','2024-01-08 10:46:19'),(714,'陳詩涵','mail82471@test.com','0918432608','1985-09-14','金門縣','2024-01-08 10:46:19'),(715,'梁怡萱','mail54186@test.com','0918174265','1988-07-30','宜蘭縣','2024-01-08 10:46:19'),(716,'黃宜庭','mail63778@test.com','0918981247','1992-10-16','高雄市','2024-01-08 10:46:19'),(717,'宋宇軒','mail49248@test.com','0918771012','1995-08-03','連江縣','2024-01-08 10:46:19'),(718,'曹怡婷','mail93993@test.com','0918918777','1991-03-29','新竹縣','2024-01-08 10:46:19'),(719,'林郁婷','mail98025@test.com','0918941634','1992-08-25','新竹縣','2024-01-08 10:46:19'),(720,'呂怡萱','mail86251@test.com','0918670196','1998-09-10','桃園市','2024-01-08 10:46:19'),(721,'謝雅婷','mail33300@test.com','0918484913','1985-04-27','新竹縣','2024-01-08 10:46:19'),(722,'羅承翰','mail71694@test.com','0918339315','1987-01-31','宜蘭縣','2024-01-08 10:46:19'),(723,'林家瑋','mail67014@test.com','0918504571','1987-06-14','雲林縣','2024-01-08 10:46:19'),(724,'吳宇軒','mail35752@test.com','0918747002','1988-02-24','南投縣','2024-01-08 10:46:19'),(725,'楊彥廷','mail57058@test.com','0918289214','1988-10-25','宜蘭縣','2024-01-08 10:46:19'),(726,'何冠霖','mail24381@test.com','0918483008','1995-11-26','南投縣','2024-01-08 10:46:19'),(727,'周佳穎','mail57503@test.com','0918190344','1989-09-24','花蓮縣','2024-01-08 10:46:19'),(728,'陳柏翰','mail97441@test.com','0918265197','1999-06-04','基隆市','2024-01-08 10:46:19'),(729,'沈冠霖','mail85793@test.com','0918858253','1985-04-15','高雄市','2024-01-08 10:46:19'),(730,'沈怡君','mail11812@test.com','0918837555','1995-10-28','新北市','2024-01-08 10:46:19'),(731,'何怡婷','mail74248@test.com','0918902773','1986-04-16','臺南市','2024-01-08 10:46:19'),(732,'於佳穎','mail10053@test.com','0918594730','1986-10-24','新竹縣','2024-01-08 10:46:19'),(733,'陳佳穎','mail54227@test.com','0918872093','1985-07-08','宜蘭縣','2024-01-08 10:46:19'),(734,'韓冠宇','mail73540@test.com','0918157235','1986-12-04','花蓮縣','2024-01-08 10:46:19'),(735,'唐彥廷','mail79797@test.com','0918143988','1986-02-21','新竹市','2024-01-08 10:46:19'),(736,'趙雅婷','mail32661@test.com','0918659370','1993-01-20','苗栗縣','2024-01-08 10:46:19'),(737,'董冠霖','mail23508@test.com','0918370103','1997-10-04','臺南市','2024-01-08 10:46:19'),(738,'王宜庭','mail40541@test.com','0918156715','1986-02-08','新竹縣','2024-01-08 10:46:19'),(739,'程郁婷','mail44935@test.com','0918824259','1986-11-14','南投縣','2024-01-08 10:46:19'),(740,'周宜庭','mail30802@test.com','0918415077','1986-03-12','連江縣','2024-01-08 10:46:19'),(741,'胡冠宇','mail29119@test.com','0918900856','1993-10-15','基隆市','2024-01-08 10:46:19'),(742,'彭彥廷','mail94121@test.com','0918225388','1988-11-08','澎湖縣','2024-01-08 10:46:19'),(743,'傅怡萱','mail32241@test.com','0918932624','1998-01-30','澎湖縣','2024-01-08 10:46:19'),(744,'沈鈺婷','mail22622@test.com','0918500267','1994-05-24','基隆市','2024-01-08 10:46:19'),(745,'傅鈺婷','mail31128@test.com','0918129811','1997-10-22','金門縣','2024-01-08 10:46:19'),(746,'黃怡萱','mail34531@test.com','0918642219','1994-10-26','雲林縣','2024-01-08 10:46:19'),(747,'袁宗翰','mail40067@test.com','0918993584','1997-03-27','臺東縣','2024-01-08 10:46:19'),(748,'孫怡婷','mail71650@test.com','0918488730','1990-08-20','基隆市','2024-01-08 10:46:19'),(749,'傅柏翰','mail46219@test.com','0918990693','1995-04-17','基隆市','2024-01-08 10:46:19'),(750,'傅雅婷','mail98211@test.com','0918205617','1999-02-03','臺南市','2024-01-08 10:46:19'),(751,'馮家瑋','mail93988@test.com','0918503539','1986-03-31','南投縣','2024-01-08 10:46:19'),(752,'楊承翰','mail90565@test.com','0918972237','1985-03-30','臺中市','2024-01-08 10:46:19'),(753,'高佳穎','mail37032@test.com','0918605879','1996-03-04','連江縣','2024-01-08 10:46:19'),(754,'唐冠廷','mail72364@test.com','0918325080','1988-06-09','屏東縣','2024-01-08 10:46:19'),(755,'董彥廷','mail88195@test.com','0918929682','1989-01-11','金門縣','2024-01-08 10:46:19'),(756,'孫雅筑','mail29745@test.com','0918236553','1987-05-31','宜蘭縣','2024-01-08 10:46:19'),(757,'唐宇軒','mail84361@test.com','0918402398','1990-09-27','臺北市','2024-01-08 10:46:19'),(758,'曹宗翰','mail82924@test.com','0918803722','1994-07-21','澎湖縣','2024-01-08 10:46:19'),(759,'鄭冠宇','mail18616@test.com','0918169613','1995-10-04','新竹縣','2024-01-08 10:46:19'),(760,'於佳穎','mail77683@test.com','0918412015','1999-08-01','苗栗縣','2024-01-08 10:46:19'),(761,'王怡萱','mail56698@test.com','0918462187','1988-04-19','連江縣','2024-01-08 10:46:19'),(762,'羅佳穎','mail51000@test.com','0918207217','1993-01-06','基隆市','2024-01-08 10:46:19'),(763,'袁雅筑','mail86271@test.com','0918574661','1991-03-18','澎湖縣','2024-01-08 10:46:19'),(764,'徐佳穎','mail69678@test.com','0918866311','1992-03-18','嘉義縣','2024-01-08 10:46:19'),(765,'曹怡婷','mail82162@test.com','0918713128','1992-07-23','金門縣','2024-01-08 10:46:19'),(766,'趙雅筑','mail41891@test.com','0918140050','1991-07-19','苗栗縣','2024-01-08 10:46:19'),(767,'王承翰','mail43256@test.com','0918976674','1998-05-20','臺東縣','2024-01-08 10:46:19'),(768,'朱彥廷','mail82064@test.com','0918207599','1992-12-10','臺南市','2024-01-08 10:46:19'),(769,'林家豪','mail67191@test.com','0918714787','1989-12-28','嘉義縣','2024-01-08 10:46:19'),(770,'曾郁婷','mail44667@test.com','0918970726','1999-12-01','苗栗縣','2024-01-08 10:46:19'),(771,'王詩涵','mail88185@test.com','0918615622','1989-09-27','臺中市','2024-01-08 10:46:19'),(772,'李詩涵','mail22621@test.com','0918692403','1985-09-16','新竹縣','2024-01-08 10:46:19'),(773,'呂怡萱','mail45883@test.com','0918269803','1992-07-27','基隆市','2024-01-08 10:46:19'),(774,'劉宜庭','mail24029@test.com','0918337585','1989-07-04','新竹市','2024-01-08 10:46:19'),(775,'曹宗翰','mail18538@test.com','0918853508','1985-01-22','連江縣','2024-01-08 10:46:19'),(776,'胡宇軒','mail47322@test.com','0918807036','1997-11-24','高雄市','2024-01-08 10:46:19'),(777,'呂冠霖','mail58376@test.com','0918918718','1989-03-07','臺南市','2024-01-08 10:46:19'),(778,'呂怡萱','mail67378@test.com','0918843328','1988-03-29','桃園市','2024-01-08 10:46:19'),(779,'宋家豪','mail78428@test.com','0918120594','1991-09-17','苗栗縣','2024-01-08 10:46:19'),(780,'沈郁婷','mail43529@test.com','0918368054','1986-05-08','苗栗縣','2024-01-08 10:46:19'),(781,'袁鈺婷','mail72871@test.com','0918939740','1997-12-29','高雄市','2024-01-08 10:46:19'),(782,'馬冠廷','mail82034@test.com','0918227787','1991-06-23','宜蘭縣','2024-01-08 10:46:19'),(783,'王家豪','mail70923@test.com','0918975528','1988-12-21','臺南市','2024-01-08 10:46:19'),(784,'馬雅筑','mail56600@test.com','0918140684','1987-08-01','苗栗縣','2024-01-08 10:46:19'),(785,'張佳穎','mail67244@test.com','0918113406','1993-04-15','新北市','2024-01-08 10:46:19'),(786,'徐宇軒','mail64792@test.com','0918113682','1994-03-25','宜蘭縣','2024-01-08 10:46:19'),(787,'許宗翰','mail60078@test.com','0918572037','1998-02-13','屏東縣','2024-01-08 10:46:19'),(788,'黃佳穎','mail50657@test.com','0918916807','1989-01-27','南投縣','2024-01-08 10:46:19'),(789,'宋冠宇','mail16857@test.com','0918788469','1994-07-01','雲林縣','2024-01-08 10:46:19'),(790,'羅詩涵','mail77074@test.com','0918470384','1996-09-01','南投縣','2024-01-08 10:46:19'),(791,'郭詩涵','mail73337@test.com','0918809678','1985-10-18','臺南市','2024-01-08 10:46:19'),(792,'馮怡君','mail41688@test.com','0918747409','1992-01-21','嘉義縣','2024-01-08 10:46:19'),(793,'呂雅筑','mail97868@test.com','0918907652','1993-06-06','桃園市','2024-01-08 10:46:19'),(794,'馮雅筑','mail77614@test.com','0918811898','1985-03-01','臺南市','2024-01-08 10:46:19'),(795,'朱柏翰','mail66508@test.com','0918135267','1999-12-04','連江縣','2024-01-08 10:46:19'),(796,'鄭怡萱','mail31723@test.com','0918287298','1992-06-08','花蓮縣','2024-01-08 10:46:19'),(797,'劉宇軒','mail60253@test.com','0918426441','1999-08-03','花蓮縣','2024-01-08 10:46:19'),(798,'梁詩涵','mail45391@test.com','0918206862','1994-06-06','桃園市','2024-01-08 10:46:19'),(799,'程家豪','mail79543@test.com','0918723638','1985-02-18','基隆市','2024-01-08 10:46:19'),(800,'朱雅筑','mail74664@test.com','0918954201','1998-10-03','嘉義縣','2024-01-08 10:46:19'),(801,'陳宗翰','mail28800@test.com','0918607862','1985-03-13','南投縣','2024-01-08 10:46:19'),(802,'呂怡萱','mail46290@test.com','0918242872','1990-03-30','彰化縣','2024-01-08 10:46:19'),(803,'彭冠霖','mail46584@test.com','0918550108','1986-07-03','苗栗縣','2024-01-08 10:46:19'),(804,'董承翰','mail56962@test.com','0918897489','1992-05-25','臺東縣','2024-01-08 10:46:19'),(805,'於郁婷','mail99246@test.com','0918515217','1999-05-05','花蓮縣','2024-01-08 10:46:19'),(806,'鄧詩涵','mail65168@test.com','0918510179','1996-07-14','花蓮縣','2024-01-08 10:46:19'),(807,'於冠霖','mail82274@test.com','0918352289','1988-11-19','新竹市','2024-01-08 10:46:19'),(808,'郭雅筑','mail46884@test.com','0918898735','1996-09-18','新北市','2024-01-08 10:46:19'),(809,'朱家瑋','mail93143@test.com','0918568064','1994-11-29','宜蘭縣','2024-01-08 10:46:19'),(810,'張雅婷','mail55597@test.com','0918593857','1990-04-04','雲林縣','2024-01-08 10:46:19'),(811,'高詩涵','mail91295@test.com','0918865706','1985-03-21','臺北市','2024-01-08 10:46:19'),(812,'羅宜庭','mail55347@test.com','0918278022','1995-06-29','嘉義縣','2024-01-08 10:46:19'),(813,'韓郁婷','mail68656@test.com','0918236024','1985-05-02','金門縣','2024-01-08 10:46:19'),(814,'張雅婷','mail38927@test.com','0918815468','1997-09-28','彰化縣','2024-01-08 10:46:19'),(815,'曾宗翰','mail12950@test.com','0918285371','1994-06-22','苗栗縣','2024-01-08 10:46:19'),(816,'鄧宜庭','mail69835@test.com','0918117816','1993-05-26','花蓮縣','2024-01-08 10:46:19'),(817,'何宗翰','mail66458@test.com','0918938061','1993-02-22','宜蘭縣','2024-01-08 10:46:19'),(818,'程彥廷','mail34004@test.com','0918998683','1985-04-23','屏東縣','2024-01-08 10:46:19'),(819,'郭柏翰','mail33335@test.com','0918482147','1998-09-16','苗栗縣','2024-01-08 10:46:19'),(820,'趙冠宇','mail61011@test.com','0918111417','1994-07-07','臺東縣','2024-01-08 10:46:19'),(821,'程宗翰','mail45092@test.com','0918714405','1991-01-02','臺南市','2024-01-08 10:46:19'),(822,'劉彥廷','mail90531@test.com','0918730245','1990-07-31','新竹縣','2024-01-08 10:46:19'),(823,'許怡萱','mail99434@test.com','0918126617','1999-11-13','新北市','2024-01-08 10:46:19'),(824,'郭佳穎','mail72879@test.com','0918937641','1986-06-02','新竹市','2024-01-08 10:46:19'),(825,'黃詩涵','mail74623@test.com','0918204083','1988-01-03','桃園市','2024-01-08 10:46:19'),(826,'郭怡婷','mail79602@test.com','0918322522','1992-06-02','連江縣','2024-01-08 10:46:19'),(827,'張詩涵','mail61469@test.com','0918350535','1991-03-05','基隆市','2024-01-08 10:46:19'),(828,'周家瑋','mail60993@test.com','0918626936','1994-12-01','新竹縣','2024-01-08 10:46:19'),(829,'袁家瑋','mail27552@test.com','0918480659','1992-11-07','臺南市','2024-01-08 10:46:19'),(830,'曹承翰','mail48235@test.com','0918624715','1998-09-18','屏東縣','2024-01-08 10:46:19'),(831,'蕭鈺婷','mail13879@test.com','0918468680','1993-07-16','連江縣','2024-01-08 10:46:19'),(832,'曹郁婷','mail76163@test.com','0918326119','1998-10-25','宜蘭縣','2024-01-08 10:46:19'),(833,'呂彥廷','mail41326@test.com','0918724844','1990-11-26','新竹市','2024-01-08 10:46:19'),(834,'劉怡婷','mail89682@test.com','0918631328','1999-03-15','新竹市','2024-01-08 10:46:19'),(835,'林鈺婷','mail79461@test.com','0918810045','1986-04-01','臺北市','2024-01-08 10:46:19'),(836,'李詩涵','mail38080@test.com','0918432070','1985-05-01','連江縣','2024-01-08 10:46:19'),(837,'朱家瑋','mail12962@test.com','0918928995','1988-06-01','屏東縣','2024-01-08 10:46:19'),(838,'沈冠廷','mail84020@test.com','0918297347','1996-04-24','金門縣','2024-01-08 10:46:19'),(839,'何家豪','mail76353@test.com','0918385127','1998-06-05','花蓮縣','2024-01-08 10:46:19'),(840,'董承翰','mail58034@test.com','0918881839','1991-02-27','連江縣','2024-01-08 10:46:19'),(841,'唐家豪','mail25575@test.com','0918276008','1997-07-03','嘉義市','2024-01-08 10:46:19'),(842,'楊家豪','mail85786@test.com','0918429245','1995-03-11','南投縣','2024-01-08 10:46:19'),(843,'呂宗翰','mail52756@test.com','0918812414','1987-06-30','金門縣','2024-01-08 10:46:19'),(844,'梁怡君','mail73719@test.com','0918313001','1996-12-13','嘉義市','2024-01-08 10:46:19'),(845,'胡柏翰','mail37465@test.com','0918375459','1994-04-01','金門縣','2024-01-08 10:46:19'),(846,'周宜庭','mail11628@test.com','0918794464','1995-10-10','嘉義縣','2024-01-08 10:46:19'),(847,'何宜庭','mail77038@test.com','0918847821','1990-12-03','臺中市','2024-01-08 10:46:19'),(848,'傅鈺婷','mail63041@test.com','0918467402','1987-08-20','臺北市','2024-01-08 10:46:19'),(849,'傅柏翰','mail55757@test.com','0918741510','1985-05-04','嘉義縣','2024-01-08 10:46:19'),(850,'王郁婷','mail25911@test.com','0918778183','1991-03-11','新竹縣','2024-01-08 10:46:19'),(851,'蕭詩涵','mail29885@test.com','0918890145','1990-03-21','新北市','2024-01-08 10:46:19'),(852,'董家豪','mail61328@test.com','0918981816','1989-06-21','屏東縣','2024-01-08 10:46:19'),(853,'曾怡婷','mail29831@test.com','0918607692','1997-01-04','新北市','2024-01-08 10:46:19'),(854,'徐雅筑','mail83606@test.com','0918754418','1985-03-20','臺中市','2024-01-08 10:46:19'),(855,'郭宗翰','mail43075@test.com','0918909792','1994-08-11','金門縣','2024-01-08 10:46:19'),(856,'周怡婷','mail93852@test.com','0918352314','1986-05-07','屏東縣','2024-01-08 10:46:19'),(857,'呂冠廷','mail63891@test.com','0918589389','1992-05-02','桃園市','2024-01-08 10:46:19'),(858,'彭柏翰','mail13320@test.com','0918322427','1991-06-06','臺中市','2024-01-08 10:46:19'),(859,'馮冠霖','mail59655@test.com','0918753037','1996-03-21','新竹縣','2024-01-08 10:46:19'),(860,'徐佳穎','mail16766@test.com','0918539046','1998-03-11','新竹市','2024-01-08 10:46:19'),(861,'宋雅婷','mail65512@test.com','0918261314','1988-05-09','臺南市','2024-01-08 10:46:19'),(862,'趙承翰','mail99319@test.com','0918619058','1989-07-28','嘉義縣','2024-01-08 10:46:19'),(863,'黃宗翰','mail28842@test.com','0918508861','1992-08-25','澎湖縣','2024-01-08 10:46:19'),(864,'李彥廷','mail14985@test.com','0918280170','1987-03-29','新北市','2024-01-08 10:46:19'),(865,'王冠宇','mail73944@test.com','0918456055','1996-10-12','臺東縣','2024-01-08 10:46:19'),(866,'梁佳穎','mail63193@test.com','0918978532','1993-12-05','金門縣','2024-01-08 10:46:19'),(867,'梁彥廷','mail28108@test.com','0918935826','1996-04-15','新竹縣','2024-01-08 10:46:19'),(868,'袁家豪','mail90444@test.com','0918382144','1986-10-12','澎湖縣','2024-01-08 10:46:19'),(869,'周雅婷','mail27884@test.com','0918261073','1986-05-05','連江縣','2024-01-08 10:46:19'),(870,'林佳穎','mail15440@test.com','0918614794','1994-02-05','嘉義縣','2024-01-08 10:46:19'),(871,'張雅筑','mail65900@test.com','0918202408','1994-12-18','嘉義縣','2024-01-08 10:46:19'),(872,'劉彥廷','mail21031@test.com','0918537992','1991-03-04','澎湖縣','2024-01-08 10:46:19'),(873,'呂詩涵','mail82277@test.com','0918915877','1990-07-14','連江縣','2024-01-08 10:46:19'),(874,'劉郁婷','mail60515@test.com','0918539791','1997-01-18','臺北市','2024-01-08 10:46:19'),(875,'林鈺婷','mail44471@test.com','0918651835','1992-04-10','雲林縣','2024-01-08 10:46:19'),(876,'郭家瑋','mail21124@test.com','0918419654','1996-06-10','新北市','2024-01-08 10:46:19'),(877,'蕭冠霖','mail40308@test.com','0918281676','1988-10-10','南投縣','2024-01-08 10:46:19'),(878,'周承翰','mail63678@test.com','0918386262','1994-05-02','花蓮縣','2024-01-08 10:46:19'),(879,'許郁婷','mail66120@test.com','0918236136','1990-04-29','連江縣','2024-01-08 10:46:19'),(880,'陳怡君','mail84916@test.com','0918963273','1992-06-04','南投縣','2024-01-08 10:46:19'),(881,'周冠廷','mail90935@test.com','0918525522','1999-10-17','雲林縣','2024-01-08 10:46:19'),(882,'徐家瑋','mail70504@test.com','0918921929','1988-10-06','南投縣','2024-01-08 10:46:19'),(883,'王冠宇','mail23890@test.com','0918936253','1990-03-02','嘉義市','2024-01-08 10:46:19'),(884,'鄭冠廷','mail10448@test.com','0918360936','1989-02-12','新竹縣','2024-01-08 10:46:19'),(885,'韓承翰','mail60601@test.com','0918768494','1990-02-27','彰化縣','2024-01-08 10:46:19'),(886,'馮怡君','mail57248@test.com','0918889947','1991-04-08','連江縣','2024-01-08 10:46:19'),(887,'沈宇軒','mail65088@test.com','0918620450','1995-06-12','基隆市','2024-01-08 10:46:19'),(888,'趙怡君','mail82615@test.com','0918575484','1988-05-11','臺東縣','2024-01-08 10:46:19'),(889,'袁宇軒','mail74348@test.com','0918566045','1993-04-03','嘉義縣','2024-01-08 10:46:19'),(890,'羅雅婷','mail13021@test.com','0918299664','1997-12-17','澎湖縣','2024-01-08 10:46:19'),(891,'胡宇軒','mail84543@test.com','0918539484','1987-01-21','宜蘭縣','2024-01-08 10:46:19'),(892,'袁宜庭','mail60470@test.com','0918623035','1991-04-24','苗栗縣','2024-01-08 10:46:19'),(893,'林宇軒','mail73171@test.com','0918642111','1988-09-05','臺南市','2024-01-08 10:46:19'),(894,'張鈺婷','mail75909@test.com','0918507849','1997-03-27','嘉義縣','2024-01-08 10:46:19'),(895,'鄧雅','mail27940@test.com','0918270594','1993-02-26','臺北市','2024-01-08 10:46:19'),(896,'何郁婷','mail43408@test.com','0918235084','1996-06-29','宜蘭縣','2024-01-08 10:46:19'),(897,'何家豪','mail42699@test.com','0918393337','1998-02-28','彰化縣','2024-01-08 10:46:19'),(898,'唐詩涵','mail24016@test.com','0918480722','1990-03-04','新竹市','2024-01-08 10:46:19'),(899,'楊宗翰','mail79911@test.com','0918561543','1995-01-15','臺中市','2024-01-08 10:46:19'),(900,'朱怡君','mail36390@test.com','0918581376','1987-10-26','新竹縣','2024-01-08 10:46:19'),(901,'楊怡婷','mail59738@test.com','0918305860','1998-03-01','嘉義市','2024-01-08 10:46:19'),(902,'董宗翰','mail11932@test.com','0918583410','1992-08-31','澎湖縣','2024-01-08 10:46:19'),(903,'蕭怡婷','mail69411@test.com','0918563288','1992-01-24','桃園市','2024-01-08 10:46:19'),(904,'袁鈺婷','mail21390@test.com','0918110955','1988-09-13','臺南市','2024-01-08 10:46:19'),(905,'韓冠廷','mail18662@test.com','0918971843','1985-12-02','臺中市','2024-01-08 10:46:19'),(906,'唐冠宇','mail15914@test.com','0918351250','1997-04-20','苗栗縣','2024-01-08 10:46:19'),(907,'胡郁婷','mail76176@test.com','0918662233','1987-12-23','新竹市','2024-01-08 10:46:19'),(908,'唐宗翰','mail70270@test.com','0918578862','1998-08-28','臺中市','2024-01-08 10:46:19'),(909,'袁冠宇','mail51993@test.com','0918921733','1991-11-05','花蓮縣','2024-01-08 10:46:19'),(910,'徐宇軒','mail53995@test.com','0918700661','1998-12-06','屏東縣','2024-01-08 10:46:19'),(911,'袁宜庭','mail88893@test.com','0918521979','1992-05-13','嘉義市','2024-01-08 10:46:19'),(912,'王宇軒','mail86585@test.com','0918244860','1985-01-23','嘉義市','2024-01-08 10:46:19'),(913,'林家瑋','mail70725@test.com','0918754978','1992-04-08','臺北市','2024-01-08 10:46:19'),(914,'王佳穎','mail38600@test.com','0918781434','1986-01-21','雲林縣','2024-01-08 10:46:19'),(915,'張柏翰','mail27052@test.com','0918904626','1985-06-26','連江縣','2024-01-08 10:46:19'),(916,'郭家瑋','mail14389@test.com','0918914236','1985-02-17','新竹縣','2024-01-08 10:46:19'),(917,'鄭宇軒','mail79258@test.com','0918380834','1996-12-02','臺南市','2024-01-08 10:46:19'),(918,'宋彥廷','mail99600@test.com','0918462477','1993-07-29','桃園市','2024-01-08 10:46:19'),(919,'許怡君','mail24755@test.com','0918792483','1998-03-09','連江縣','2024-01-08 10:46:19'),(920,'何郁婷','mail22110@test.com','0918118329','1990-02-24','嘉義縣','2024-01-08 10:46:19'),(921,'張雅筑','mail31688@test.com','0918906373','1991-08-18','嘉義縣','2024-01-08 10:46:19'),(922,'張家瑋','mail36091@test.com','0918591266','1996-12-18','苗栗縣','2024-01-08 10:46:19'),(923,'黃宗翰','mail48665@test.com','0918235796','1999-01-24','嘉義縣','2024-01-08 10:46:19'),(924,'何家豪','mail62540@test.com','0918352096','1999-05-30','桃園市','2024-01-08 10:46:19'),(925,'梁雅筑','mail10828@test.com','0918342767','1990-09-22','高雄市','2024-01-08 10:46:19'),(926,'鄭冠宇','mail61304@test.com','0918516199','1994-09-17','嘉義縣','2024-01-08 10:46:19'),(927,'郭怡婷','mail81532@test.com','0918742595','1994-03-31','南投縣','2024-01-08 10:46:19'),(928,'謝家豪','mail74935@test.com','0918663292','1998-02-04','雲林縣','2024-01-08 10:46:19'),(929,'蕭詩涵','mail73955@test.com','0918250894','1999-12-04','連江縣','2024-01-08 10:46:19'),(930,'於家豪','mail57379@test.com','0918155516','1992-03-23','基隆市','2024-01-08 10:46:19'),(931,'徐怡婷','mail95406@test.com','0918678393','1991-02-18','連江縣','2024-01-08 10:46:19'),(932,'韓郁婷','mail38237@test.com','0918105526','1987-05-03','南投縣','2024-01-08 10:46:19'),(933,'趙鈺婷','mail53267@test.com','0918847929','1995-05-04','新北市','2024-01-08 10:46:19'),(934,'郭柏翰','mail66440@test.com','0918717790','1996-12-18','嘉義縣','2024-01-08 10:46:19'),(935,'沈冠廷','mail69281@test.com','0918877631','1991-12-16','金門縣','2024-01-08 10:46:19'),(936,'張彥廷','mail13810@test.com','0918207837','1995-05-01','臺南市','2024-01-08 10:46:19'),(937,'董宇軒','mail46795@test.com','0918607918','1987-02-07','新竹市','2024-01-08 10:46:19'),(938,'何宇軒','mail48214@test.com','0918611912','1987-07-12','彰化縣','2024-01-08 10:46:19'),(939,'劉怡婷','mail91153@test.com','0918195332','1990-07-23','基隆市','2024-01-08 10:46:19'),(940,'孫彥廷','mail60349@test.com','0918204938','1996-02-29','新竹市','2024-01-08 10:46:19'),(941,'曾冠霖','mail42597@test.com','0918326183','1990-11-04','臺南市','2024-01-08 10:46:19'),(942,'謝宇軒','mail83529@test.com','0918857308','1988-05-03','新北市','2024-01-08 10:46:19'),(943,'李冠霖','mail56384@test.com','0918856011','1986-12-31','屏東縣','2024-01-08 10:46:19'),(944,'程詩涵','mail38349@test.com','0918457418','1998-02-18','新竹縣','2024-01-08 10:46:19'),(945,'蕭雅婷','mail19701@test.com','0918481008','1996-05-28','嘉義縣','2024-01-08 10:46:19'),(946,'蕭佳穎','mail91815@test.com','0918144055','1989-12-27','新竹市','2024-01-08 10:46:19'),(947,'曹宗翰','mail83332@test.com','0918421374','1993-07-06','花蓮縣','2024-01-08 10:46:19'),(948,'李雅婷','mail70592@test.com','0918527481','1989-09-15','雲林縣','2024-01-08 10:46:19'),(949,'於怡萱','mail48583@test.com','0918220929','1988-10-22','新竹縣','2024-01-08 10:46:19'),(950,'徐雅筑','mail31052@test.com','0918765028','1992-04-05','連江縣','2024-01-08 10:46:19'),(951,'陳雅婷','mail28865@test.com','0918321251','1989-02-25','基隆市','2024-01-08 10:46:19'),(952,'馮冠宇','mail68501@test.com','0918964247','1994-04-28','連江縣','2024-01-08 10:46:19'),(953,'韓郁婷','mail65279@test.com','0918921330','1990-01-08','連江縣','2024-01-08 10:46:19'),(954,'呂鈺婷','mail98101@test.com','0918420964','1997-09-04','臺北市','2024-01-08 10:46:19'),(955,'劉彥廷','mail93604@test.com','0918274056','1991-02-08','新北市','2024-01-08 10:46:19'),(956,'孫柏翰','mail85808@test.com','0918926745','1990-02-03','臺南市','2024-01-08 10:46:19'),(957,'曹郁婷','mail59248@test.com','0918951241','1990-06-06','嘉義縣','2024-01-08 10:46:19'),(958,'何怡萱','mail21067@test.com','0918222197','1995-03-26','臺中市','2024-01-08 10:46:19'),(959,'唐詩涵','mail77617@test.com','0918396353','1985-03-05','雲林縣','2024-01-08 10:46:19'),(960,'何郁婷','mail82287@test.com','0918704242','1993-10-27','連江縣','2024-01-08 10:46:19'),(961,'胡家瑋','mail83993@test.com','0918846107','1995-05-03','宜蘭縣','2024-01-08 10:46:19'),(962,'何雅筑','mail52013@test.com','0918295189','1999-03-19','嘉義市','2024-01-08 10:46:19'),(963,'蕭承翰','mail35122@test.com','0918545746','1988-09-27','南投縣','2024-01-08 10:46:19'),(964,'許宜庭','mail65430@test.com','0918133331','1991-09-07','宜蘭縣','2024-01-08 10:46:19'),(965,'馮怡萱','mail11842@test.com','0918253995','1989-03-13','連江縣','2024-01-08 10:46:19'),(966,'高家豪','mail95427@test.com','0918407883','1992-04-27','臺中市','2024-01-08 10:46:19'),(967,'吳怡婷','mail49788@test.com','0918844399','1996-08-20','花蓮縣','2024-01-08 10:46:19'),(968,'周詩涵','mail48697@test.com','0918217035','1985-09-25','新竹縣','2024-01-08 10:46:19'),(969,'楊彥廷','mail59733@test.com','0918366998','1999-05-01','彰化縣','2024-01-08 10:46:20'),(970,'張彥廷','mail81353@test.com','0918729309','1989-01-31','新竹縣','2024-01-08 10:46:20'),(971,'吳宗翰','mail73733@test.com','0918958016','1988-04-01','金門縣','2024-01-08 10:46:20'),(972,'馮彥廷','mail22545@test.com','0918334748','1995-01-19','南投縣','2024-01-08 10:46:20'),(973,'劉家豪','mail58266@test.com','0918142879','1986-02-25','臺中市','2024-01-08 10:46:20'),(974,'沈鈺婷','mail17813@test.com','0918198119','1994-05-10','宜蘭縣','2024-01-08 10:46:20'),(975,'曹冠宇','mail56166@test.com','0918120203','1991-12-27','嘉義市','2024-01-08 10:46:20'),(976,'鄧冠宇','mail45897@test.com','0918441420','1996-05-18','苗栗縣','2024-01-08 10:46:20'),(977,'曹宜庭','mail62384@test.com','0918229587','1992-05-22','花蓮縣','2024-01-08 10:46:20'),(979,'黃怡君','mail46549@test.com','0918239956','1995-10-11','苗栗縣','2024-01-08 10:46:20'),(980,'馬冠廷','mail63822@test.com','0918466120','1986-08-06','彰化縣','2024-01-08 10:46:20'),(981,'羅怡君','mail69002@test.com','0918994617','1989-11-28','南投縣','2024-01-08 10:46:20'),(983,'劉柏翰','mail53376@test.com','0918173249','1998-12-22','澎湖縣','2024-01-08 10:46:20'),(984,'唐宜庭','mail39322@test.com','0918829868','1993-08-20','彰化縣','2024-01-08 10:46:20'),(985,'謝鈺婷','mail16624@test.com','0918301903','1993-01-31','雲林縣','2024-01-08 10:46:20'),(986,'程宇軒','mail70293@test.com','0918383914','1993-11-04','臺北市','2024-01-08 10:46:20'),(987,'何郁婷','mail99068@test.com','0918329889','1988-01-12','高雄市','2024-01-08 10:46:20'),(988,'林怡婷12','mail11448@test.com','0918313727','1996-11-18','金門縣sfs','2024-01-08 10:46:20'),(989,'程佳穎','mail84898@test.com','0918577150','1991-06-14','花蓮縣','2024-01-08 10:46:20'),(990,'林宇軒','mail13212@test.com','0918115693','1994-03-18','嘉義縣','2024-01-08 10:46:20'),(991,'彭詩涵','mail58568@test.com','0918241493','1990-07-05','嘉義市','2024-01-08 10:46:20'),(992,'韓冠霖','mail31222@test.com','0918505965','1997-02-06','新竹縣','2024-01-08 10:46:20'),(993,'楊鈺婷','mail68389@test.com','0918620216','1993-07-24','臺東縣','2024-01-08 10:46:20'),(996,'鄭雅筑12','mail47013@test.com','0918167281','1997-01-22',' 新竹市12','2024-01-08 10:46:20'),(997,'朱冠廷','mail56657@test.com','0918683373','1988-06-16','嘉義市','2024-01-08 10:46:20'),(999,'郭怡萱','mail84870@test.com','0918975631','1993-03-12','彰化縣','2024-01-08 10:46:20'),(1000,'傅宗翰','mail23867@test.com','0918201335','1985-12-17','雲林縣','2024-01-08 10:46:20');
/*!40000 ALTER TABLE `address_book` ENABLE KEYS */;
UNLOCK TABLES;

--
-- Table structure for table `categories`
--

DROP TABLE IF EXISTS `categories`;
/*!40101 SET @saved_cs_client     = @@character_set_client */;
/*!50503 SET character_set_client = utf8mb4 */;
CREATE TABLE `categories` (
  `category_id` int NOT NULL AUTO_INCREMENT,
  `name` varchar(30) CHARACTER SET utf8mb4 COLLATE utf8mb4_general_ci NOT NULL,
  `parent_id` int DEFAULT NULL,
  PRIMARY KEY (`category_id`),
  KEY `parent_sid` (`parent_id`),
  CONSTRAINT `categories_ibfk_1` FOREIGN KEY (`parent_id`) REFERENCES `categories` (`category_id`)
) ENGINE=InnoDB AUTO_INCREMENT=17 DEFAULT CHARSET=utf8mb4 COLLATE=utf8mb4_general_ci;
/*!40101 SET character_set_client = @saved_cs_client */;

--
-- Dumping data for table `categories`
--

LOCK TABLES `categories` WRITE;
/*!40000 ALTER TABLE `categories` DISABLE KEYS */;
INSERT INTO `categories` VALUES (1,'程式設計',NULL),(2,'繪圖軟體',NULL),(3,'網際網路應用',NULL),(4,'PHP',1),(5,'JavaScript',1),(6,'Illustrator',2),(7,'PhotoShop',2),(8,'Chrome',3),(9,'C++',1);
/*!40000 ALTER TABLE `categories` ENABLE KEYS */;
UNLOCK TABLES;

--
-- Table structure for table `favorites`
--

DROP TABLE IF EXISTS `favorites`;
/*!40101 SET @saved_cs_client     = @@character_set_client */;
/*!50503 SET character_set_client = utf8mb4 */;
CREATE TABLE `favorites` (
  `favorite_id` int NOT NULL AUTO_INCREMENT,
  `member_id` int NOT NULL,
  `product_id` int NOT NULL,
  `created_at` datetime NOT NULL DEFAULT CURRENT_TIMESTAMP,
  PRIMARY KEY (`favorite_id`),
  UNIQUE KEY `member_id` (`member_id`,`product_id`),
  KEY `favorites_ibfk_2` (`product_id`),
  CONSTRAINT `favorites_ibfk_1` FOREIGN KEY (`member_id`) REFERENCES `members` (`member_id`),
  CONSTRAINT `favorites_ibfk_2` FOREIGN KEY (`product_id`) REFERENCES `products` (`product_id`)
) ENGINE=InnoDB AUTO_INCREMENT=7 DEFAULT CHARSET=utf8mb4 COLLATE=utf8mb4_general_ci;
/*!40101 SET character_set_client = @saved_cs_client */;

--
-- Dumping data for table `favorites`
--

LOCK TABLES `favorites` WRITE;
/*!40000 ALTER TABLE `favorites` DISABLE KEYS */;
INSERT INTO `favorites` VALUES (1,7,23,'2024-06-20 09:22:07'),(2,7,7,'2024-06-20 09:22:07'),(3,7,10,'2024-06-20 09:23:40'),(4,3,18,'2024-06-20 09:24:22'),(5,3,5,'2024-06-20 09:24:22'),(6,7,16,'2024-06-20 09:24:52');
/*!40000 ALTER TABLE `favorites` ENABLE KEYS */;
UNLOCK TABLES;

--
-- Table structure for table `members`
--

DROP TABLE IF EXISTS `members`;
/*!40101 SET @saved_cs_client     = @@character_set_client */;
/*!50503 SET character_set_client = utf8mb4 */;
CREATE TABLE `members` (
  `member_id` int NOT NULL AUTO_INCREMENT,
  `email` varchar(100) CHARACTER SET utf8mb4 COLLATE utf8mb4_general_ci NOT NULL,
  `password_hash` varchar(100) CHARACTER SET utf8mb4 COLLATE utf8mb4_general_ci NOT NULL,
  `mobile` varchar(30) CHARACTER SET utf8mb4 COLLATE utf8mb4_general_ci DEFAULT NULL,
  `nickname` varchar(30) CHARACTER SET utf8mb4 COLLATE utf8mb4_general_ci NOT NULL,
  `create_at` datetime NOT NULL,
  PRIMARY KEY (`member_id`),
  UNIQUE KEY `email` (`email`)
) ENGINE=InnoDB AUTO_INCREMENT=8 DEFAULT CHARSET=utf8mb4 COLLATE=utf8mb4_general_ci;
/*!40101 SET character_set_client = @saved_cs_client */;

--
-- Dumping data for table `members`
--

LOCK TABLES `members` WRITE;
/*!40000 ALTER TABLE `members` DISABLE KEYS */;
INSERT INTO `members` VALUES (3,'ming@test.com','$2y$10$d31g58CoXSdQqX51w5VK1OJ4GC4bMWLxoQbQXDTf/m/lYTZWQBy0u','0918222333','大明','2019-01-07 10:39:38'),(7,'shin@test.com','$2a$10$AtEvtoofvPI9ISzqWXrIPu15eHDm9rZusn/t4ifQMotn5o/g777m.','0918222555','小新','2020-09-17 10:30:38');
/*!40000 ALTER TABLE `members` ENABLE KEYS */;
UNLOCK TABLES;

--
-- Table structure for table `my_friends`
--

DROP TABLE IF EXISTS `my_friends`;
/*!40101 SET @saved_cs_client     = @@character_set_client */;
/*!50503 SET character_set_client = utf8mb4 */;
CREATE TABLE `my_friends` (
  `sid` int NOT NULL AUTO_INCREMENT,
  `name` varchar(100) COLLATE utf8mb4_general_ci NOT NULL,
  `birthday` date DEFAULT NULL,
  `mobile` varchar(30) COLLATE utf8mb4_general_ci DEFAULT NULL,
  `created_at` timestamp NOT NULL DEFAULT CURRENT_TIMESTAMP,
  PRIMARY KEY (`sid`)
) ENGINE=InnoDB AUTO_INCREMENT=7 DEFAULT CHARSET=utf8mb4 COLLATE=utf8mb4_general_ci;
/*!40101 SET character_set_client = @saved_cs_client */;

--
-- Dumping data for table `my_friends`
--

LOCK TABLES `my_friends` WRITE;
/*!40000 ALTER TABLE `my_friends` DISABLE KEYS */;
INSERT INTO `my_friends` VALUES (1,'林小新','1995-09-20','0935666888','2024-06-16 12:47:29'),(2,'李大明','1993-02-15','0935777888','2024-06-16 12:48:18'),(3,'陳小華','1996-08-21','0935666777','2024-06-16 12:48:26'),(4,'王小花','1997-07-22','0935666555','2024-06-16 12:48:26'),(5,'丁小雨','1998-06-23','0935666333','2024-06-16 12:48:26'),(6,'蘇小丙',NULL,'0935777858','2024-06-16 12:50:59');
/*!40000 ALTER TABLE `my_friends` ENABLE KEYS */;
UNLOCK TABLES;

--
-- Table structure for table `order_details`
--

DROP TABLE IF EXISTS `order_details`;
/*!40101 SET @saved_cs_client     = @@character_set_client */;
/*!50503 SET character_set_client = utf8mb4 */;
CREATE TABLE `order_details` (
  `od_id` int NOT NULL AUTO_INCREMENT,
  `order_id` int NOT NULL,
  `product_id` int NOT NULL,
  `price` int NOT NULL,
  `quantity` int NOT NULL,
  PRIMARY KEY (`od_id`),
  KEY `order_id` (`order_id`) USING BTREE,
  KEY `product_id` (`product_id`) USING BTREE,
  CONSTRAINT `order_details_ibfk_1` FOREIGN KEY (`order_id`) REFERENCES `orders` (`order_id`),
  CONSTRAINT `order_details_ibfk_2` FOREIGN KEY (`product_id`) REFERENCES `products` (`product_id`)
) ENGINE=InnoDB AUTO_INCREMENT=15 DEFAULT CHARSET=utf8mb4 COLLATE=utf8mb4_general_ci;
/*!40101 SET character_set_client = @saved_cs_client */;

--
-- Dumping data for table `order_details`
--

LOCK TABLES `order_details` WRITE;
/*!40000 ALTER TABLE `order_details` DISABLE KEYS */;
INSERT INTO `order_details` VALUES (4,5,22,580,1),(5,5,17,620,2),(9,10,1,560,1),(10,10,2,420,1),(11,10,3,480,1),(12,11,5,690,2),(13,11,15,650,1),(14,11,3,480,2);
/*!40000 ALTER TABLE `order_details` ENABLE KEYS */;
UNLOCK TABLES;

--
-- Table structure for table `orders`
--

DROP TABLE IF EXISTS `orders`;
/*!40101 SET @saved_cs_client     = @@character_set_client */;
/*!50503 SET character_set_client = utf8mb4 */;
CREATE TABLE `orders` (
  `order_id` int NOT NULL AUTO_INCREMENT,
  `member_id` int NOT NULL,
  `amount` int NOT NULL,
  `ordered_at` datetime NOT NULL,
  PRIMARY KEY (`order_id`),
  KEY `member_id` (`member_id`),
  CONSTRAINT `orders_ibfk_1` FOREIGN KEY (`member_id`) REFERENCES `members` (`member_id`)
) ENGINE=InnoDB AUTO_INCREMENT=13 DEFAULT CHARSET=utf8mb4 COLLATE=utf8mb4_general_ci;
/*!40101 SET character_set_client = @saved_cs_client */;

--
-- Dumping data for table `orders`
--

LOCK TABLES `orders` WRITE;
/*!40000 ALTER TABLE `orders` DISABLE KEYS */;
INSERT INTO `orders` VALUES (5,3,1820,'2016-03-25 12:19:05'),(10,7,1460,'2016-06-01 11:15:53'),(11,3,2030,'2017-10-03 13:49:20');
/*!40000 ALTER TABLE `orders` ENABLE KEYS */;
UNLOCK TABLES;

--
-- Table structure for table `products`
--

DROP TABLE IF EXISTS `products`;
/*!40101 SET @saved_cs_client     = @@character_set_client */;
/*!50503 SET character_set_client = utf8mb4 */;
CREATE TABLE `products` (
  `product_id` int NOT NULL AUTO_INCREMENT,
  `author` varchar(50) CHARACTER SET utf8mb4 COLLATE utf8mb4_general_ci NOT NULL,
  `book_name` varchar(60) CHARACTER SET utf8mb4 COLLATE utf8mb4_general_ci NOT NULL,
  `category_id` int NOT NULL,
  `publish_date` date NOT NULL,
  `pages` int NOT NULL,
  `price` int NOT NULL,
  `isbn` varchar(30) NOT NULL,
  PRIMARY KEY (`product_id`),
  UNIQUE KEY `isbn` (`isbn`),
  KEY `category_id` (`category_id`),
  CONSTRAINT `products_ibfk_1` FOREIGN KEY (`category_id`) REFERENCES `categories` (`category_id`)
) ENGINE=InnoDB AUTO_INCREMENT=24 DEFAULT CHARSET=utf8mb4 COLLATE=utf8mb4_general_ci;
/*!40101 SET character_set_client = @saved_cs_client */;

--
-- Dumping data for table `products`
--

LOCK TABLES `products` WRITE;
/*!40000 ALTER TABLE `products` DISABLE KEYS */;
INSERT INTO `products` VALUES (1,'洪一新、許瑞珍','圖解C++程式設計',1,'2010-02-08',624,560,'978-986-201-306-9 '),(2,'吳睿紘','圖解資料結構-使用JAVA',1,'2009-12-15',384,420,'978-986-201-281-9 '),(3,'江家頡、陳怡均','Visual C# 2008網路遊戲程式設計',1,'2009-11-27',424,480,'978-986-201-278-9 '),(4,'結城 浩','Java 重構- Java Refactoring',1,'2010-01-21',432,490,'978-986-201-087-7 '),(5,'平田豊','Linux Device Driver Programming 驅動程式設計',1,'2009-01-05',624,690,'978-986-201-186-7 '),(6,'王鴻儒','Excel VBA 2007程式設計 - 增訂新版',1,'2008-05-27',400,450,'978-986-201-129-4'),(7,'姜姃延','彩繪天堂Painter數位插畫輕鬆學',2,'2009-09-14',448,550,'978-986-201-255-0'),(8,'金惠京','不一樣的創作設計風格- Photoshop Artworks Stylebook ',2,'2009-11-30',304,520,'978-986-201-276-5'),(9,'大室はじめ Hajime','日式風格藝術紋樣素材選集',2,'2009-03-09',128,350,'978-986-201-203-1'),(10,'五島由實','Illustrator GOODS COLLECTION',2,'2008-10-29',192,350,'978-986-201-172-0 '),(11,'久米原榮、上田浩','Wireshark 網路協定分析與管理',3,'2010-01-12',400,480,'978-986-201-292-5'),(12,'陳佩婷','Flash CS4動畫設計應用集',3,'2010-01-07',464,520,'978-986-201-290-1'),(13,'陳東偉','Internet網路實務與應用',3,'2010-01-04',512,500,'978-986-201-286-4'),(14,'奧山壽史','打開就能用的整站網頁設計範例集',3,'2009-12-23',176,380,'978-986-201-284-0'),(15,'Time研究室 陳錦輝','ASP.NET 3.5初學指引-使用Visual Basic 2008',3,'2009-10-29',896,650,'978-986-201-270-3'),(16,'榮欽科技 鄭苑鳳','Dreamweaver CS4網頁設計應用集',3,'2009-09-07',480,520,'978-986-201-261-1'),(17,'賈蓉生、胡大源、許世豪','Java互動網站實作 -JSP與資料庫',3,'2009-08-13',656,620,'978-986-201-250-5'),(18,'田中康博、林拓也','ActionScript 3.0 活用範例大辭典',3,'2009-03-23',544,550,'978-986-201-207-9'),(19,'數位新知','網頁設計應用集 -Dreamweaver+PhotoImpact+Flash',3,'2009-03-16',464,520,'978-986-201-202-4'),(20,'陳湘揚 ','網路概論(第二版)',3,'2008-12-30',592,580,'978-986-201-187-4'),(21,'林季嫻','Joomla圖解架站實例應用',3,'2008-11-25',560,490,'978-986-201-178-2'),(22,'前沿科技 溫謙','Web CSS網頁設計大全',3,'2008-10-29',448,580,'978-986-201-169-0'),(23,'林新德','Flash CS3 ActionScript 3.0應用程式設計',3,'2007-11-22',560,520,'978-986-201-067-9');
/*!40000 ALTER TABLE `products` ENABLE KEYS */;
UNLOCK TABLES;
/*!40103 SET TIME_ZONE=@OLD_TIME_ZONE */;

/*!40101 SET SQL_MODE=@OLD_SQL_MODE */;
/*!40014 SET FOREIGN_KEY_CHECKS=@OLD_FOREIGN_KEY_CHECKS */;
/*!40014 SET UNIQUE_CHECKS=@OLD_UNIQUE_CHECKS */;
/*!40101 SET CHARACTER_SET_CLIENT=@OLD_CHARACTER_SET_CLIENT */;
/*!40101 SET CHARACTER_SET_RESULTS=@OLD_CHARACTER_SET_RESULTS */;
/*!40101 SET COLLATION_CONNECTION=@OLD_COLLATION_CONNECTION */;
/*!40111 SET SQL_NOTES=@OLD_SQL_NOTES */;

-- Dump completed on 2024-06-22  3:35:16
